-- MySQL dump 10.13  Distrib 5.6.12, for Win64 (x86_64)
--
-- Host: localhost    Database: QingDy
-- ------------------------------------------------------
-- Server version	5.6.12

/*!40101 SET @OLD_CHARACTER_SET_CLIENT=@@CHARACTER_SET_CLIENT */;
/*!40101 SET @OLD_CHARACTER_SET_RESULTS=@@CHARACTER_SET_RESULTS */;
/*!40101 SET @OLD_COLLATION_CONNECTION=@@COLLATION_CONNECTION */;
/*!40101 SET NAMES utf8 */;
/*!40103 SET @OLD_TIME_ZONE=@@TIME_ZONE */;
/*!40103 SET TIME_ZONE='+00:00' */;
/*!40014 SET @OLD_UNIQUE_CHECKS=@@UNIQUE_CHECKS, UNIQUE_CHECKS=0 */;
/*!40014 SET @OLD_FOREIGN_KEY_CHECKS=@@FOREIGN_KEY_CHECKS, FOREIGN_KEY_CHECKS=0 */;
/*!40101 SET @OLD_SQL_MODE=@@SQL_MODE, SQL_MODE='NO_AUTO_VALUE_ON_ZERO' */;
/*!40111 SET @OLD_SQL_NOTES=@@SQL_NOTES, SQL_NOTES=0 */;

--
-- Table structure for table `answer`
--

DROP TABLE IF EXISTS `ANSWER`;
/*!40101 SET @saved_cs_client     = @@character_set_client */;
/*!40101 SET character_set_client = utf8 */;
CREATE TABLE `ANSWER` (
  `ID` bigint(20) NOT NULL,
  `POSTER` varchar(255) DEFAULT NULL,
  `ANSWER` varchar(255) DEFAULT NULL,
  `POSTDATE` datetime DEFAULT NULL,
  `QUESTION` bigint(20) DEFAULT NULL,
  `VERIFY` int(11) DEFAULT NULL,
  `STAR` bigint(20) DEFAULT NULL,
  PRIMARY KEY (`ID`),
  KEY `FK735D33BE3A899A61` (`ID`),
  KEY `FK735D33BEF50BC92C` (`QUESTION`),
  KEY `FK735D33BEA56422A9` (`POSTER`),
  CONSTRAINT `FK735D33BEA56422A9` FOREIGN KEY (`POSTER`) REFERENCES `USERDETAIL` (`USERNAME`),
  CONSTRAINT `FK735D33BEF50BC92C` FOREIGN KEY (`QUESTION`) REFERENCES `QUESTION` (`ID`)
) ENGINE=InnoDB DEFAULT CHARSET=utf8;
/*!40101 SET character_set_client = @saved_cs_client */;

--
-- Dumping data for table `answer`
--

LOCK TABLES `ANSWER` WRITE;
/*!40000 ALTER TABLE `answer` DISABLE KEYS */;
INSERT INTO `ANSWER` VALUES (1,'lender','好难啊，我也不知道，唉','2013-08-26 22:00:26',10,1,NULL),(2,'lender1','好难啊，我也不知道，唉','2013-08-26 22:00:26',10,1,NULL),(3,'lender2','好难啊，我也不知道，唉','2013-08-26 22:00:26',10,1,NULL),(4,'lender','好难啊，我也不知道，唉','2013-08-26 22:00:26',10,1,NULL),(5,'lender4','好难啊，我也不知道，唉','2013-08-26 22:00:26',10,1,NULL),(6,'lender5','好难啊，我也不知道，唉','2013-08-26 22:00:26',10,1,NULL),(7,'lender6','好难啊，我也不知道，唉','2013-08-26 22:00:26',10,1,NULL),(8,'lender7','好难啊，我也不知道，唉','2013-08-26 22:00:26',10,1,NULL),(9,'lender8','好难啊，我也不知道，唉','2013-08-26 22:00:26',10,1,NULL),(10,'lender9','好难啊，我也不知道，唉','2013-08-26 22:00:26',10,1,NULL),(11,'lender10','好难啊，我也不知道，唉','2013-08-26 22:00:26',10,1,NULL),(12,'lender11','好难啊，我也不知道，唉','2013-08-26 22:00:26',3,1,NULL),(13,'lender11','好难啊，我也不知道，唉','2013-08-26 22:00:26',3,1,NULL),(16,'lender','title1','2013-11-27 15:44:16',2,-1,NULL),(17,'lender','我唉毛豆','2013-11-27 15:45:51',2,-1,NULL),(18,'lender','title1','2013-11-27 19:10:39',2,-1,NULL),(19,'lender','title1','2013-12-01 13:15:57',2,-1,NULL),(20,'lender','title1','2013-12-01 13:17:49',2,-1,NULL),(21,'lender','title1','2013-12-01 13:19:01',2,-1,NULL),(22,'lender','title1','2013-12-01 13:20:38',2,-1,NULL),(23,'lender','title1','2013-12-01 13:59:53',2,-1,NULL),(24,'lender','title1','2013-12-01 14:01:39',2,-1,NULL),(25,'lender','title1','2013-12-01 14:02:58',2,-1,NULL),(26,'lender','title1','2013-12-01 14:03:13',2,-1,NULL);
/*!40000 ALTER TABLE `answer` ENABLE KEYS */;
UNLOCK TABLES;

--
-- Table structure for table `blog`
--

DROP TABLE IF EXISTS `BLOG`;
/*!40101 SET @saved_cs_client     = @@character_set_client */;
/*!40101 SET character_set_client = utf8 */;
CREATE TABLE `BLOG` (
  `ID` bigint(20) NOT NULL,
  `TITLE` varchar(50) NOT NULL,
  `CONTENT` longtext NOT NULL,
  `USERNAME` varchar(255) NOT NULL,
  `POSTDATE` datetime NOT NULL,
  `CATEGORY` varchar(50) NOT NULL,
  `VERIFY` int(11) DEFAULT NULL,
  PRIMARY KEY (`ID`),
  KEY `FK1F27A2D01CAE32` (`USERNAME`),
  CONSTRAINT `FK1F27A2D01CAE32` FOREIGN KEY (`USERNAME`) REFERENCES `USERDETAIL` (`USERNAME`)
) ENGINE=InnoDB DEFAULT CHARSET=utf8;
/*!40101 SET character_set_client = @saved_cs_client */;

--
-- Dumping data for table `blog`
--

LOCK TABLES `BLOG` WRITE;
/*!40000 ALTER TABLE `blog` DISABLE KEYS */;
INSERT INTO `BLOG` VALUES (2,'生源地助学贷款常见问题解答1','据悉，从7月22日起，如皋市学生资助中心开始接受2013年国开行生源地信用助学贷<img src=\'http://localhost:8080/avatar/1.jpg\' />','lender','2013-08-24 14:23:36','test type',1),(3,'生源地助学贷款常见问题解答1','据悉，从7月22日起，如皋市学生资助中心开始接受2013年国开行生源地信用助学贷','lender','2013-08-24 15:13:45','test type',1),(4,'生源地助学贷款常见问题解答1','据悉，从7月22日起，如皋市学生资助中心开始接受2013年国开行生源地信用助学贷','lender','2013-08-24 15:13:46','test type',1),(5,'生源地助学贷款常见问题解答1','据悉，从7月22日起，如皋市学生资助中心开始接受2013年国开行生源地信用助学贷','lender','2013-08-24 15:13:47','test type',1),(6,'生源地助学贷款常见问题解答1','据悉，从7月22日起，如皋市学生资助中心开始接受2013年国开行生源地信用助学贷','lender','2013-08-24 15:13:48','test type',1),(7,'生源地助学贷款常见问题解答1','据悉，从7月22日起，如皋市学生资助中心开始接受2013年国开行生源地信用助学贷','lender','2013-08-24 15:13:48','test type',1),(8,'test1','***********','lender','2013-08-24 15:13:56','test type',0),(12,'邮政小额贷款还款方法介绍','%3Cp%20style%3D%22padding%3A%200px%3B%20margin%3A%2013px%200px%200px%3B%20border%3A%20none%3B%20line-height%3A%2026px%3B%20text-indent%3A%202em%3B%20color%3A%20rgb(51%2C%2051%2C%2051)%3B%20font-size%3A%2014px%3B%20font-family%3A%20%E5%AE%8B%E4%BD%93%2C%20\'Arial%20Narrow\'%2C%20HELVETICA%3B%22%3E%E7%94%B3%E8%AF%B7%E4%BA%86%E9%82%AE%E6%94%BF%E5%B0%8F%E9%A2%9D%E8%B4%B7%E6%AC%BE%EF%BC%8C%E5%8F%AF%E9%80%9A%E8%BF%87%E5%93%AA%E4%BA%9B%E6%96%B9%E6%B3%95%E8%BF%98%E6%AC%BE%EF%BC%9F%E4%B8%BA%E5%A4%A7%E5%AE%B6%E5%81%9A%E5%85%B7%E4%BD%93%E4%BB%8B%E7%BB%8D%E3%80%82%3C%2Fp%3E%3Cp%20style%3D%22padding%3A%200px%3B%20margin%3A%2013px%200px%200px%3B%20border%3A%20none%3B%20line-height%3A%2026px%3B%20text-indent%3A%202em%3B%20color%3A%20rgb(51%2C%2051%2C%2051)%3B%20font-size%3A%2014px%3B%20font-family%3A%20%E5%AE%8B%E4%BD%93%2C%20\'Arial%20Narrow\'%2C%20HELVETICA%3B%22%3E%E9%82%AE%E6%94%BF%E5%B0%8F%E9%A2%9D%E8%B4%B7%E6%AC%BE%E8%BF%98%E6%AC%BE%E6%96%B9%E5%BC%8F%E6%9C%89%E4%BB%A5%E4%B8%8B%E5%87%A0%E7%A7%8D%EF%BC%9A%3C%2Fp%3E%3Cp%20style%3D%22padding%3A%200px%3B%20margin%3A%2013px%200px%200px%3B%20border%3A%20none%3B%20line-height%3A%2026px%3B%20text-indent%3A%202em%3B%20color%3A%20rgb(51%2C%2051%2C%2051)%3B%20font-size%3A%2014px%3B%20font-family%3A%20%E5%AE%8B%E4%BD%93%2C%20\'Arial%20Narrow\'%2C%20HELVETICA%3B%22%3E1%E3%80%81%E7%AD%89%E6%9C%AC%E6%81%AF%E8%BF%98%E6%AC%BE%EF%BC%9A%E8%AF%A5%E7%A7%8D%E8%BF%98%E6%AC%BE%E6%96%B9%E5%BC%8F%E7%9A%84%E7%89%B9%E7%82%B9%E4%B8%BA%E5%80%9F%E6%AC%BE%E4%BA%BA%E6%AF%8F%E6%9C%88%E4%BB%A5%E7%9B%B8%E7%AD%89%E9%87%91%E9%A2%9D%E5%81%BF%E8%BF%98%E8%B4%B7%E6%AC%BE%E6%9C%AC%E6%81%AF%E3%80%82%3C%2Fp%3E%3Cp%20style%3D%22padding%3A%200px%3B%20margin%3A%2013px%200px%200px%3B%20border%3A%20none%3B%20line-height%3A%2026px%3B%20text-indent%3A%202em%3B%20color%3A%20rgb(51%2C%2051%2C%2051)%3B%20font-size%3A%2014px%3B%20font-family%3A%20%E5%AE%8B%E4%BD%93%2C%20\'Arial%20Narrow\'%2C%20HELVETICA%3B%22%3E2%E3%80%81%E9%98%B6%E6%AE%B5%E6%80%A7%E7%AD%89%E9%A2%9D%E6%9C%AC%E6%81%AF%E8%BF%98%E6%AC%BE%EF%BC%9A%E6%98%AF%E6%8C%87%E5%80%9F%E6%AC%BE%E4%BA%BA%E5%9C%A8%E8%B4%B7%E6%AC%BE%E5%AE%BD%E9%99%90%E6%9C%9F%E5%86%85%E5%8F%AA%E9%9C%80%E5%81%BF%E8%BF%98%E8%B4%B7%E6%AC%BE%E5%88%A9%E6%81%AF%EF%BC%8C%E8%B6%85%E8%BF%87%E5%AE%BD%E9%99%90%E6%9C%9F%E5%90%8E%E5%88%99%E6%8C%89%E7%85%A7%E7%AD%89%E9%A2%9D%E6%9C%AC%E6%81%AF%E8%BF%98%E6%AC%BE%E7%9A%84%E6%96%B9%E5%BC%8F%E5%81%BF%E8%BF%98%E8%B4%B7%E6%AC%BE%E3%80%82%3C%2Fp%3E%3Cp%20style%3D%22padding%3A%200px%3B%20margin%3A%2013px%200px%200px%3B%20border%3A%20none%3B%20line-height%3A%2026px%3B%20text-indent%3A%202em%3B%20color%3A%20rgb(51%2C%2051%2C%2051)%3B%20font-size%3A%2014px%3B%20font-family%3A%20%E5%AE%8B%E4%BD%93%2C%20\'Arial%20Narrow\'%2C%20HELVETICA%3B%22%3E3%E3%80%81%E5%88%B0%E6%9C%9F%E4%B8%80%E6%AC%A1%E6%80%A7%E5%81%BF%E8%BF%98%E8%B4%B7%E6%AC%BE%E6%9C%AC%E6%81%AF%E3%80%82%E4%B9%9F%E5%B0%B1%E6%98%AF%E5%9C%A8%E8%B4%B7%E6%AC%BE%E5%88%9D%E6%9C%9F%E4%B8%8D%E7%94%A8%E8%BF%98%E6%AC%BE%EF%BC%8C%E5%88%B0%E4%BA%86%E8%BF%98%E6%AC%BE%E7%9A%84%E6%9C%9F%E9%99%90%E5%90%8E%EF%BC%8C%E5%86%8D%E7%BB%9F%E4%B8%80%E8%BF%98%E6%AC%BE%E3%80%82%3C%2Fp%3E%3Cp%20style%3D%22padding%3A%200px%3B%20margin%3A%2013px%200px%200px%3B%20border%3A%20none%3B%20line-height%3A%2026px%3B%20text-indent%3A%202em%3B%20color%3A%20rgb(51%2C%2051%2C%2051)%3B%20font-size%3A%2014px%3B%20font-family%3A%20%E5%AE%8B%E4%BD%93%2C%20\'Arial%20Narrow\'%2C%20HELVETICA%3B%22%3E4%E3%80%81%E5%85%B6%E4%BB%96%E8%BF%98%E6%AC%BE%E6%96%B9%E5%BC%8F%E3%80%82%E4%BB%A5%E4%B8%8A%E4%B8%89%E7%A7%8D%E4%B8%BA%E5%B8%B8%E8%A7%81%E7%9A%84%E8%BF%98%E6%AC%BE%E6%96%B9%E5%BC%8F%EF%BC%8C%E9%83%A8%E5%88%86%E7%89%B9%E6%AE%8A%E8%B4%B7%E6%AC%BE%E4%B9%9F%E6%9C%89%E7%89%B9%E6%AE%8A%E7%9A%84%E8%BF%98%E6%AC%BE%E6%96%B9%E5%BC%8F%E3%80%82%E5%85%B7%E4%BD%93%E7%9A%84%E8%BF%98%E6%AC%BE%E6%96%B9%E5%BC%8F%E5%8F%AF%E7%9B%B4%E6%8E%A5%E5%92%A8%E8%AF%A2%E5%BD%93%E5%9C%B0%E9%82%AE%E6%94%BF%E9%93%B6%E8%A1%8C%E3%80%82%3Cbr%20style%3D%22padding%3A%200px%3B%20margin%3A%200px%3B%20border%3A%20none%3B%22%20%2F%3E%3Ca%20href%3D%22http%3A%2F%2Fwww.edai.com%2F%22%20target%3D%22_blank%22%20title%3D%22%E7%82%B9%E5%87%BB%E5%8E%BB%E8%B4%B7%E6%AC%BE%22%20style%3D%22padding%3A%200px%3B%20margin%3A%200px%3B%20border%3A%20none%3B%20text-decoration%3A%20none%3B%20color%3A%20rgb(68%2C%2068%2C%2068)%3B%22%3E%3Cimg%20src%3D%22http%3A%2F%2Fwww.edai.com%2Fedai2%2FResource%2Fimages%2Fnews%2Ficon-16.png%22%20style%3D%22padding%3A%200px%3B%20margin%3A%200px%3B%20border%3A%20none%3B%20position%3A%20relative%3B%20top%3A%203px%3B%22%20alt%3D%22%22%20%2F%3E%26nbsp%3B%3Cspan%20style%3D%22padding%3A%200px%3B%20margin%3A%200px%3B%20border%3A%20none%3B%20color%3A%20rgb(81%2C%20112%2C%20166)%3B%22%3E%E7%BC%BA%E9%92%B1%E5%B8%AE%E4%BD%A0%E8%B4%B7%E6%AC%BE%3C%2Fspan%3E%3C%2Fa%3E%3Ca%20href%3D%22http%3A%2F%2Fp2p.edai.com%2F%22%20target%3D%22_blank%22%20title%3D%22%E7%82%B9%E5%87%BB%E5%8E%BB%E7%90%86%E8%B4%A2%22%20style%3D%22padding%3A%200px%3B%20margin%3A%200px%3B%20border%3A%20none%3B%20text-decoration%3A%20none%3B%20color%3A%20rgb(68%2C%2068%2C%2068)%3B%22%3E%26nbsp%3B%3Cspan%20style%3D%22padding%3A%200px%3B%20margin%3A%200px%3B%20border%3A%20none%3B%20color%3A%20rgb(81%2C%20112%2C%20166)%3B%22%3E%E6%9C%89%E9%92%B1%E5%B8%AE%E4%BD%A0%E8%B5%9A%E9%92%B1%3C%2Fspan%3E%3C%2Fa%3E%3C%2Fp%3E%20%20%20%20%20%20%20%20','lender','2013-12-13 21:27:53','小额贷款',-1),(13,'生源地助学贷款常见问题解答','%E6%8D%AE%E6%82%89%EF%BC%8C%E4%BB%8E7%E6%9C%8822%E6%97%A5%E8%B5%B7%EF%BC%8C%E5%A6%82%E7%9A%8B%E5%B8%82%E5%AD%A6%E7%94%9F%E8%B5%84%E5%8A%A9%E4%B8%AD%E5%BF%83%E5%BC%80%E5%A7%8B%E6%8E%A5%E5%8F%972013%E5%B9%B4%E5%9B%BD%E5%BC%80%E8%A1%8C%E7%94%9F%E6%BA%90%E5%9C%B0%E4%BF%A1%E7%94%A8%E5%8A%A9%E5%AD%A6%E8%B4%B7%3Cimg%20src%3D%22http%3A%2F%2Flocalhost%3A8080%2Favatar%2F1.jpg%22%20alt%3D%22%22%20%2F%3E','lender','2013-12-16 16:56:00','企业贷款',-1),(14,'生源地助学贷款常见问题解答','%E6%8D%AE%E6%82%89%EF%BC%8C%E4%BB%8E7%E6%9C%8822%E6%97%A5%E8%B5%B7%EF%BC%8C%E5%A6%82%E7%9A%8B%E5%B8%82%E5%AD%A6%E7%94%9F%E8%B5%84%E5%8A%A9%E4%B8%AD%E5%BF%83%E5%BC%80%E5%A7%8B%E6%8E%A5%E5%8F%972013%E5%B9%B4%E5%9B%BD%E5%BC%80%E8%A1%8C%E7%94%9F%E6%BA%90%E5%9C%B0%E4%BF%A1%E7%94%A8%E5%8A%A9%E5%AD%A6%E8%B4%B7%E6%88%91%E6%93%8D%3Cimg%20src%3D%22http%3A%2F%2Flocalhost%3A8080%2Favatar%2F1.jpg%22%20alt%3D%22%22%20%2F%3E','lender','2013-12-16 16:57:34','企业贷款',-1),(15,'lender 编写完毕','%E4%BB%96%E5%A6%88%E7%9A%84%E7%BB%88%E4%BA%8E%E5%BF%AB%E7%8E%A9%E4%BA%86','lender','2013-12-16 16:58:15','小额贷款',-1),(16,'测试form','%E6%88%90%E5%8A%9F%E4%BA%86%EF%BC%81%EF%BC%81%EF%BC%81','lender','2013-12-16 17:08:08','小额贷款',-1);
/*!40000 ALTER TABLE `blog` ENABLE KEYS */;
UNLOCK TABLES;

--
-- Table structure for table `evaluate`
--

DROP TABLE IF EXISTS `EVALUATE`;
/*!40101 SET @saved_cs_client     = @@character_set_client */;
/*!40101 SET character_set_client = utf8 */;
CREATE TABLE `EVALUATE` (
  `ID` bigint(20) NOT NULL,
  `STAR` int(11) NOT NULL,
  `POSTDATE` datetime NOT NULL,
  `BLOGID` bigint(20) NOT NULL,
  `USERNAME` varchar(255) NOT NULL,
  PRIMARY KEY (`ID`),
  UNIQUE KEY `USERNAME` (`USERNAME`),
  KEY `FK384A9C99D01CAE32` (`USERNAME`),
  KEY `FK384A9C9985B60D3F` (`BLOGID`),
  CONSTRAINT `FK384A9C9985B60D3F` FOREIGN KEY (`BLOGID`) REFERENCES `BLOG` (`ID`),
  CONSTRAINT `FK384A9C99D01CAE32` FOREIGN KEY (`USERNAME`) REFERENCES `USERDETAIL` (`USERNAME`)
) ENGINE=InnoDB DEFAULT CHARSET=utf8;
/*!40101 SET character_set_client = @saved_cs_client */;

--
-- Dumping data for table `evaluate`
--

LOCK TABLES `EVALUATE` WRITE;
/*!40000 ALTER TABLE `evaluate` DISABLE KEYS */;
/*!40000 ALTER TABLE `evaluate` ENABLE KEYS */;
UNLOCK TABLES;

--
-- Table structure for table `favourite`
--

DROP TABLE IF EXISTS `FAVOURITE`;
/*!40101 SET @saved_cs_client     = @@character_set_client */;
/*!40101 SET character_set_client = utf8 */;
CREATE TABLE `FAVOURITE` (
  `ID` bigint(20) NOT NULL,
  `POSTER` varchar(255) DEFAULT NULL,
  `TITLE` varchar(255) DEFAULT NULL,
  `LINK` varchar(255) DEFAULT NULL,
  `POSTDATE` datetime DEFAULT NULL,
  `OID` bigint(20) DEFAULT NULL,
  `TYPE` int(11) DEFAULT NULL,
  PRIMARY KEY (`ID`),
  KEY `FK3BDDB089A56422A9` (`POSTER`),
  CONSTRAINT `FK3BDDB089A56422A9` FOREIGN KEY (`POSTER`) REFERENCES `USERDETAIL` (`USERNAME`)
) ENGINE=InnoDB DEFAULT CHARSET=utf8;
/*!40101 SET character_set_client = @saved_cs_client */;

--
-- Dumping data for table `favourite`
--

LOCK TABLES `FAVOURITE` WRITE;
/*!40000 ALTER TABLE `favourite` DISABLE KEYS */;
INSERT INTO `FAVOURITE` VALUES (13,'lender','测试乱码','http://localhost:8080/p1.html?id=12','2013-12-13 21:59:05',12,9),(15,'loaner','','http://localhost:8080/d.html?id=1','2013-12-13 22:09:05',1,4);
/*!40000 ALTER TABLE `favourite` ENABLE KEYS */;
UNLOCK TABLES;

--
-- Table structure for table `loan`
--

DROP TABLE IF EXISTS `LOAN`;
/*!40101 SET @saved_cs_client     = @@character_set_client */;
/*!40101 SET character_set_client = utf8 */;
CREATE TABLE `LOAN` (
  `ID` bigint(20) NOT NULL,
  `POSTER` varchar(255) DEFAULT NULL,
  `AMOUNT` float DEFAULT NULL,
  `STARTTIME` datetime DEFAULT NULL,
  `ENDTIME` datetime DEFAULT NULL,
  `USESOFLOAN` varchar(255) DEFAULT NULL,
  `LENDTYPE` varchar(255) DEFAULT NULL,
  `HASPAWN` int(11) DEFAULT NULL,
  `PAWN` varchar(255) DEFAULT NULL,
  `TITLE` varchar(255) DEFAULT NULL,
  `CONTENT` varchar(255) DEFAULT NULL,
  `POSTDATE` datetime DEFAULT NULL,
  `LOCATION` varchar(255) DEFAULT NULL,
  `VERIFY` int(11) DEFAULT NULL,
  PRIMARY KEY (`ID`),
  KEY `FK23BCF0A56422A9` (`POSTER`),
  CONSTRAINT `FK23BCF0A56422A9` FOREIGN KEY (`POSTER`) REFERENCES `USERDETAIL` (`USERNAME`)
) ENGINE=InnoDB DEFAULT CHARSET=utf8;
/*!40101 SET character_set_client = @saved_cs_client */;

--
-- Dumping data for table `loan`
--

LOCK TABLES `LOAN` WRITE;
/*!40000 ALTER TABLE `loan` DISABLE KEYS */;
INSERT INTO `LOAN` VALUES (3,'loaner2',1,'2014-07-01 08:00:00','2014-08-23 08:00:00','个体户经营贷款,创业贷款',NULL,1,'办公楼,土地','求贷款','穷死了啊','2013-08-26 10:03:10','北京海淀',1),(4,'loaner3',3,'2014-07-01 08:00:00','2014-08-23 08:00:00','短期周转贷款,一手房按揭贷款',NULL,1,'土地,船坞','我快穷疯了','本人学生，最近缺钱花，穷疯了','2013-09-15 10:31:02','北京海淀',1),(5,'loaner4',5,'2014-07-01 08:00:00','2014-08-23 08:00:00','use','type',1,'pawn','title','content','2013-08-24 11:55:55','location',1),(6,'loaner5',5,'2014-07-01 08:00:00','2014-08-23 08:00:00','use','type',1,'pawn','title','content','2013-08-24 11:55:55','location',1),(7,'loaner6',5,'2014-07-01 08:00:00','2014-08-23 08:00:00','use','type',1,'pawn','title','content','2013-08-24 11:55:55','location',1),(8,'loaner7',5,'2014-07-01 08:00:00','2014-08-23 08:00:00','use','type',1,'pawn','title','content','2013-08-24 11:55:55','location',1),(9,'loaner8',5,'2014-07-01 08:00:00','2014-08-23 08:00:00','use','type',1,'pawn','title','content','2013-08-24 11:55:55','location',1),(10,'loaner9',5,'2014-07-01 08:00:00','2014-08-23 08:00:00','use','type',1,'pawn','title','content','2013-08-24 11:55:55','location',1),(11,'loaner10',5,'2014-07-01 08:00:00','2014-08-23 08:00:00','use','type',1,'pawn','title','content','2013-08-24 11:55:55','location',1),(12,'loaner11',5,'2014-07-01 08:00:00','2014-08-23 08:00:00','use','type',1,'pawn','title','content','2013-08-24 11:55:55','location',1),(13,'lender',1,'2013-12-03 08:00:00','2020-04-07 08:00:00','null',NULL,1,'null','fsda','','2013-12-16 20:21:41','广东广州',-1),(14,'lender',1,'2013-12-03 08:00:00','2020-04-07 08:00:00','null',NULL,1,'null','fdas','','2013-12-16 20:26:44','广东广州',-1),(15,'lender',1,'2013-12-03 08:00:00','2020-04-07 08:00:00','null',NULL,1,'null','fasd','','2013-12-16 20:31:35','广东广州',-1),(16,'lender',5,'2013-12-04 08:00:00','2020-04-09 08:00:00','null',NULL,0,'null','title','content','2013-12-16 22:46:31','北京东城',-1),(17,'lender',5,'2014-07-01 08:00:00','2014-08-23 08:00:00','null',NULL,0,'null','测试','content','2013-12-16 22:47:02','北京延庆',-1);
/*!40000 ALTER TABLE `loan` ENABLE KEYS */;
UNLOCK TABLES;

--
-- Table structure for table `mall`
--

DROP TABLE IF EXISTS `MALL`;
/*!40101 SET @saved_cs_client     = @@character_set_client */;
/*!40101 SET character_set_client = utf8 */;
CREATE TABLE `MALL` (
  `ID` bigint(20) NOT NULL,
  `USERNAME` varchar(255) DEFAULT NULL,
  `CONTENT` text,
  `ANNOUNCEMENT` text,
  `EXPERIENCE` varchar(255) DEFAULT NULL,
  `CTYPE` varchar(255) DEFAULT NULL,
  `CNAME` varchar(255) DEFAULT NULL,
  `CPHONENUMBER` varchar(255) DEFAULT NULL,
  `POSITION` varchar(255) DEFAULT NULL,
  `SITE` varchar(255) DEFAULT NULL,
  `EMAIL` varchar(255) DEFAULT NULL,
  `ADDRESS` varchar(255) DEFAULT NULL,
  `FAX` varchar(255) DEFAULT NULL,
  `POSTCODE` varchar(255) DEFAULT NULL,
  `CLIENTLOCATION` varchar(255) DEFAULT NULL,
  `USESOFLOAN` varchar(255) DEFAULT NULL,
  `SPECIALITY` varchar(255) DEFAULT NULL,
  `CLIENTS` varchar(255) DEFAULT NULL,
  `LENDTYPE` varchar(255) DEFAULT NULL,
  `POSTDATE` datetime DEFAULT NULL,
  `VERIFY` int(11) DEFAULT NULL,
  PRIMARY KEY (`ID`),
  KEY `FK23FE14D01CAE32` (`USERNAME`),
  CONSTRAINT `FK23FE14D01CAE32` FOREIGN KEY (`USERNAME`) REFERENCES `USERDETAIL` (`USERNAME`)
) ENGINE=InnoDB DEFAULT CHARSET=utf8;
/*!40101 SET character_set_client = @saved_cs_client */;

--
-- Dumping data for table `mall`
--

LOCK TABLES `MALL` WRITE;
/*!40000 ALTER TABLE `mall` DISABLE KEYS */;
INSERT INTO `MALL` VALUES (1,'lender','%3Cspan%20style%3D%22color%3A%20rgb(196%2C%2026%2C%2022)%3B%20font-family%3A%20Consolas%2C%20\'Lucida%20Console\'%2C%20monospace%3B%20white-space%3A%20pre-wrap%3B%22%3E%E8%BF%99%E4%B8%AA%E4%BA%BA%E5%BE%88%E6%87%92%EF%BC%8C%E4%BB%80%E4%B9%88%E9%83%BD%E6%B2%A1%E6%9C%89%E7%95%99%E4%B8%8B%3C%2Fspan%3E%3Cbr%20%2F%3E','%3Cspan%20style%3D%22color%3A%20rgb(196%2C%2026%2C%2022)%3B%20font-family%3A%20Consolas%2C%20\'Lucida%20Console\'%2C%20monospace%3B%20white-space%3A%20pre-wrap%3B%22%3E%E8%BF%99%E4%B8%AA%E4%BA%BA%E5%BE%88%E6%87%92%EF%BC%8C%E4%BB%80%E4%B9%88%E9%83%BD%E6%B2%A1%E6%9C%89%E7%95%99%E4%B8%8B%3C%2Fspan%3E%3Cbr%20%2F%3E','5个月','有限责任公司','希姆贷款公司','13452172009','CEO','http://www.cyeam.com','cyeam@cyeam.com','北京','','100081','广东广州','短期周转贷款,个体户经营贷款','机械设备,批发零售','企业法人','房产/固定资产抵押,汽车抵押','2013-08-24 16:11:42',-1),(2,'lender1','content','announcement','experence','ctyp','cname','12345678901','ceo','www.taobao.com','lichao0407@gmail.com','china','010-12345678','100081','北京海淀','短期周转贷款','机械设备','个体工商户','贵重物品','2013-08-24 16:11:42',1),(3,'lender2','content','announcement','experence','ctyp','cname','12345678901','ceo','www.taobao.com','lichao0407@gmail.com','china','010-12345678','100081','北京海淀','短期周转贷款','机械设备','个体工商户','贵重物品','2013-08-24 16:11:42',1),(4,'lender3','content','announcement','experence','ctyp','cname','12345678901','ceo','www.taobao.com','lichao0407@gmail.com','china','010-12345678','100081','北京海淀','短期周转贷款','机械设备','个体工商户','贵重物品','2013-08-24 16:11:42',1),(5,'lender4','content','announcement','experence','ctyp','cname','12345678901','ceo','www.taobao.com','lichao0407@gmail.com','china','010-12345678','100081','北京海淀','短期周转贷款','机械设备','个体工商户','贵重物品','2013-08-24 16:11:42',1),(6,'lender5','content','announcement','experence','ctyp','cname','12345678901','ceo','www.taobao.com','lichao0407@gmail.com','china','010-12345678','100081','北京海淀','短期周转贷款','机械设备','个体工商户','贵重物品','2013-08-24 16:11:42',1),(7,'lender6','content','announcement','experence','ctyp','cname','12345678901','ceo','www.taobao.com','lichao0407@gmail.com','china','010-12345678','100081','北京海淀','短期周转贷款','机械设备','个体工商户','贵重物品','2013-08-24 16:11:42',1),(8,'lender7','content','announcement','experence','ctyp','cname','12345678901','ceo','www.taobao.com','lichao0407@gmail.com','china','010-12345678','100081','北京海淀','短期周转贷款','机械设备','个体工商户','贵重物品','2013-08-24 16:11:42',1),(9,'lender8','content','announcement','experence','ctyp','cname','12345678901','ceo','www.taobao.com','lichao0407@gmail.com','china','010-12345678','100081','北京海淀','短期周转贷款','机械设备','个体工商户','贵重物品','2013-08-24 16:11:42',1),(10,'lender9','content','announcement','experence','ctyp','cname','12345678901','ceo','www.taobao.com','lichao0407@gmail.com','china','010-12345678','100081','北京海淀','短期周转贷款','机械设备','个体工商户','贵重物品','2013-08-24 16:11:42',1),(11,'lender10','content','announcement','experence','ctyp','cname','12345678901','ceo','www.taobao.com','lichao0407@gmail.com','china','010-12345678','100081','北京海淀','短期周转贷款','机械设备','个体工商户','贵重物品','2013-08-24 16:11:42',1),(12,'lender11','content','announcement','experence','ctyp','cname','12345678901','ceo','www.taobao.com','lichao0407@gmail.com','china','010-12345678','100081','北京海淀','短期周转贷款','机械设备','个体工商户','贵重物品','2013-08-24 16:11:42',1),(13,'logintest2',NULL,NULL,NULL,NULL,NULL,NULL,NULL,NULL,NULL,NULL,NULL,NULL,NULL,NULL,NULL,NULL,NULL,'2013-12-19 22:39:19',-1);
/*!40000 ALTER TABLE `mall` ENABLE KEYS */;
UNLOCK TABLES;

--
-- Table structure for table `message`
--

DROP TABLE IF EXISTS `MESSAGE`;
/*!40101 SET @saved_cs_client     = @@character_set_client */;
/*!40101 SET character_set_client = utf8 */;
CREATE TABLE `MESSAGE` (
  `ID` bigint(20) NOT NULL,
  `SENDER` varchar(255) DEFAULT NULL,
  `RECEIVER` varchar(255) DEFAULT NULL,
  `TITLE` varchar(255) DEFAULT NULL,
  `MESSAGE` varchar(255) DEFAULT NULL,
  `POSTDATE` datetime DEFAULT NULL,
  `ISREADED` int(11) DEFAULT NULL,
  PRIMARY KEY (`ID`),
  KEY `FK63B68BE7A9F33F91` (`SENDER`),
  KEY `FK63B68BE7AFBF0F4B` (`RECEIVER`),
  CONSTRAINT `FK63B68BE7A9F33F91` FOREIGN KEY (`SENDER`) REFERENCES `USERDETAIL` (`USERNAME`),
  CONSTRAINT `FK63B68BE7AFBF0F4B` FOREIGN KEY (`RECEIVER`) REFERENCES `USERDETAIL` (`USERNAME`)
) ENGINE=InnoDB DEFAULT CHARSET=utf8;
/*!40101 SET character_set_client = @saved_cs_client */;

--
-- Dumping data for table `message`
--

LOCK TABLES `MESSAGE` WRITE;
/*!40000 ALTER TABLE `message` DISABLE KEYS */;
INSERT INTO `MESSAGE` VALUES (1,'bryce','lender','你好','欢迎来到青帝网','2013-09-03 10:39:58',1),(3,'bryce','lender','你好','欢迎来到青帝网','2013-09-03 11:07:37',0),(4,'lender',NULL,'你好','欢迎来到青帝网','2013-09-22 14:46:34',0),(5,'lender','loaner','你好','欢迎来到青帝网','2013-09-22 14:47:21',0),(6,'lender','loaner','测试message','能不能发呢？','2013-09-22 14:48:32',0),(7,'lender','loaner','服装测试','测试','2013-09-22 14:56:42',0),(8,'lender','bryce','[object Object]','[object Object]','2013-09-22 14:58:09',0),(9,'lender','bryce','hello','fuck you                ','2013-09-22 15:57:15',0),(10,'lender','bryce','发撒的','                发达','2013-09-22 15:59:07',0),(11,'lender','bryce','fdsa ','                fdsa ','2013-09-22 16:00:23',0),(12,'lender','bryce','fdsa','                fdsa','2013-09-22 16:02:11',0),(13,'lender','bryce','fdas','                fdsa','2013-09-22 16:02:50',0),(14,'lender','bryce','undefined','undefined','2013-12-16 19:31:55',0),(15,'lender','bryce','发送消息','收到请回复','2013-12-16 19:36:37',0),(16,'lender','bryce','你好','谢谢','2013-12-16 19:53:55',0),(17,'lender','lender','fuck your ass','you son of bitch','2013-12-16 23:14:46',0);
/*!40000 ALTER TABLE `message` ENABLE KEYS */;
UNLOCK TABLES;

--
-- Table structure for table `news`
--

DROP TABLE IF EXISTS `NEWS`;
/*!40101 SET @saved_cs_client     = @@character_set_client */;
/*!40101 SET character_set_client = utf8 */;
CREATE TABLE `NEWS` (
  `ID` bigint(20) NOT NULL,
  `TITLE` varchar(255) DEFAULT NULL,
  `CONTENT` text,
  `POSTER` varchar(255) DEFAULT NULL,
  `CLASSES` varchar(255) DEFAULT NULL,
  `POSTDATE` datetime DEFAULT NULL,
  PRIMARY KEY (`ID`),
  KEY `FK2482D3A56422A9` (`POSTER`),
  CONSTRAINT `FK2482D3A56422A9` FOREIGN KEY (`POSTER`) REFERENCES `USERDETAIL` (`USERNAME`)
) ENGINE=InnoDB DEFAULT CHARSET=utf8;
/*!40101 SET character_set_client = @saved_cs_client */;

--
-- Dumping data for table `news`
--

LOCK TABLES `NEWS` WRITE;
/*!40000 ALTER TABLE `news` DISABLE KEYS */;
INSERT INTO `NEWS` VALUES (1,'生源地助学贷款常见问题解答1','据悉，从7月22日起，如皋市学生资助中心开始接受2013年国开行生源地信用助学贷','bryce','小额贷款','2013-08-24 11:54:43'),(2,'生源地助学贷款常见问题解答1','据悉，从7月22日起，如皋市学生资助中心开始接受2013年国开行生源地信用助学贷','bryce','创业贷款','2013-08-24 11:54:43'),(3,'生源地助学贷款常见问题解答1','据悉，从7月22日起，如皋市学生资助中心开始接受2013年国开行生源地信用助学贷','bryce','无抵押贷款','2013-08-24 11:54:43'),(4,'生源地助学贷款常见问题解答1','据悉，从7月22日起，如皋市学生资助中心开始接受2013年国开行生源地信用助学贷','bryce','消费贷款','2013-08-24 11:54:43'),(5,'生源地助学贷款常见问题解答1','据悉，从7月22日起，如皋市学生资助中心开始接受2013年国开行生源地信用助学贷','bryce','求学贷款','2013-08-24 11:54:43'),(6,'生源地助学贷款常见问题解答1','据悉，从7月22日起，如皋市学生资助中心开始接受2013年国开行生源地信用助学贷','bryce','房产贷款','2013-08-24 11:54:43'),(7,'生源地助学贷款常见问题解答1','据悉，从7月22日起，如皋市学生资助中心开始接受2013年国开行生源地信用助学贷','bryce','银行贷款','2013-08-24 11:54:43'),(8,'CyeamFq10',NULL,NULL,'小额贷款','2013-12-13 16:30:44'),(9,'专家称余额宝涉嫌违规 民营银行放开将面临险境',NULL,NULL,'小额贷款','2013-12-13 16:32:47'),(10,'CyeamFq1','%3Cdiv%3E%3Cp%3E%3Cspan%20style%3D%22color%3Argb(51%2C%2051%2C%2051)%3Bfont-size%3A10.5pt%3Bfont-family%3A%E5%AE%8B%E4%BD%93%3B%22%3E%E2%80%9C%E6%94%AF%E4%BB%98%E5%AE%9D%E9%92%B1%E5%8C%85%EF%BC%8C%E4%BC%9A%E8%B5%9A%E9%92%B1%E7%9A%84%E9%92%B1%E5%8C%85%E2%80%A6%E2%80%A6%E4%BD%99%E9%A2%9D%E5%AE%9D%E7%B4%AF%E8%AE%A1%E6%94%B6%E7%9B%8A%E7%8E%87%E6%98%AF%E6%B4%BB%E6%9C%9F%E5%AD%98%E6%AC%BE%E7%9A%84%E8%BF%9114%E5%80%8D%E3%80%82%E2%80%9D%E8%BF%99%E6%A0%B7%E7%9A%84%E5%B9%BF%E5%91%8A%E6%98%AF%E4%B8%8D%E6%98%AF%E5%AD%98%E5%9C%A8%E4%B8%80%E4%BA%9B%E9%97%AE%E9%A2%98%EF%BC%9F%E5%9C%A82013%E5%A4%AE%E8%A7%86%E8%B4%A2%E7%BB%8F%E8%AE%BA%E5%9D%9B%E3%80%81%E5%A4%AE%E8%A7%86%E8%B4%A2%E7%BB%8F%E9%A2%91%E9%81%93%E4%B8%BB%E5%8A%9E%E3%80%81%E7%AC%AC%E5%8D%81%E5%9B%9B%E5%B1%8A%E4%B8%AD%E5%9B%BD%E7%BB%8F%E6%B5%8E%E5%B9%B4%E5%BA%A6%E4%BA%BA%E7%89%A9%E9%A2%81%E5%A5%96%E7%9B%9B%E5%85%B8%E4%B8%AD%EF%BC%8C%E6%95%B0%E4%BD%8D%E4%B8%93%E5%AE%B6%E5%81%9A%E5%87%BA%E4%BA%86%E8%82%AF%E5%AE%9A%E7%9A%84%E7%AD%94%E5%A4%8D%E3%80%82%3C%2Fspan%3E%3C%2Fp%3E%3Cp%3E%3Cspan%20style%3D%22color%3Argb(51%2C%2051%2C%2051)%3Bfont-size%3A10.5pt%3Bfont-family%3A%E5%AE%8B%E4%BD%93%3B%22%3E%E5%85%A8%E5%9B%BD%E4%BA%BA%E5%A4%A7%E8%B4%A2%E7%BB%8F%E5%A7%94%E5%89%AF%E4%B8%BB%E4%BB%BB%E5%A7%94%E5%91%98%E6%B8%85%E5%8D%8E%E4%BA%94%E9%81%93%E5%8F%A3%E9%87%91%E8%9E%8D%E5%AD%A6%E9%99%A2%E9%99%A2%E9%95%BF%E5%90%B4%E6%99%93%E7%81%B5%E8%A1%A8%E7%A4%BA%EF%BC%8C%E2%80%9C%E5%83%8F%E4%BD%99%E9%A2%9D%E5%AE%9D%E8%BF%99%E6%A0%B7%E7%9A%84%E5%AE%A3%E4%BC%A0%E6%96%B9%E5%BC%8F%E7%A1%AE%E5%AE%9E%E6%9C%89%E8%BF%9D%E8%A7%84%E5%AB%8C%E7%96%91%E7%9A%84%E3%80%82%E4%BB%BB%E4%BD%95%E7%9A%84%3C%2Fspan%3E%3Ca%20href%3D%22http%3A%2F%2Fp2p.edai.com%2F%22%3E%3Cspan%20style%3D%22color%3Argb(0%2C%200%2C%20255)%3Bfont-size%3A10.5pt%3Bfont-family%3A%E5%AE%8B%E4%BD%93%3B%22%3E%E7%90%86%E8%B4%A2%3C%2Fspan%3E%3C%2Fa%3E%3Cspan%20style%3D%22color%3Argb(51%2C%2051%2C%2051)%3Bfont-size%3A10.5pt%3Bfont-family%3A%E5%AE%8B%E4%BD%93%3B%22%3E%E4%BA%A7%E5%93%81%E9%83%BD%E7%BB%9D%E5%AF%B9%E4%B8%8D%E5%85%81%E8%AE%B8%E6%89%BF%E8%AF%BA%E5%9B%9E%E6%8A%A5%EF%BC%8C%E7%90%86%E8%B4%A2%E4%BA%A7%E5%93%81%E7%9A%84%E7%89%B9%E7%82%B9%E5%B0%B1%E6%98%AF%3C%2Fspan%3E%3Ca%20href%3D%22http%3A%2F%2Fp2p.edai.com%2F%22%3E%3Cspan%20style%3D%22color%3Argb(0%2C%200%2C%20255)%3Bfont-size%3A10.5pt%3Bfont-family%3A%E5%AE%8B%E4%BD%93%3B%22%3E%E6%8A%95%E8%B5%84%3C%2Fspan%3E%3C%2Fa%3E%3Cspan%20style%3D%22color%3Argb(51%2C%2051%2C%2051)%3Bfont-size%3A10.5pt%3Bfont-family%3A%E5%AE%8B%E4%BD%93%3B%22%3E%E4%BA%BA%E6%89%BF%E6%8B%85%E9%A3%8E%E9%99%A9%EF%BC%8C%E7%84%B6%E5%90%8E%E4%BD%A0%E8%BF%98%E8%AF%B4%E5%87%BA%E4%BA%86%E4%B8%80%E5%B9%B4%E7%9A%84%E6%94%B6%E7%9B%8A%E7%8E%87%EF%BC%8C%E8%BF%99%E5%B0%B1%E7%AD%89%E4%BA%8E%E8%AF%B4%E5%A6%82%E6%9E%9C%E4%BB%8E%E6%9F%90%E7%A7%8D%E6%84%8F%E4%B9%89%E4%B8%8A%E6%9D%A5%E8%AF%B4%EF%BC%8C%E5%85%B6%E5%AE%9E%E5%9C%A8%E5%8F%98%E7%9B%B8%E5%90%B8%E6%94%B6%E5%AD%98%E6%AC%BE%E3%80%82%E5%AD%98%E6%AC%BE%E7%9A%84%E6%A6%82%E5%BF%B5%E6%89%8D%E6%98%AF%E4%BB%80%E4%B9%88%E5%91%A2%EF%BC%9F%E6%89%8D%E6%98%AF%E7%BB%99%E4%BD%A0%E4%B8%80%E4%B8%AA%E7%A1%AE%E5%AE%9A%E7%9A%84%E6%94%B6%E7%9B%8A%E7%8E%87%EF%BC%8C%E6%88%91%E5%AF%B9%E4%BD%A0%E8%B4%9F%E8%B4%A3%EF%BC%8C%E7%AD%89%E4%BA%8E%E6%88%91%E6%88%90%E4%BA%86%E5%80%BA%E4%B8%BB%EF%BC%8C%E6%88%91%E4%BB%AC%E6%98%AF%E5%80%BA%E6%9D%83%E4%BA%BA%EF%BC%8C%E6%88%91%E8%A7%89%E5%BE%97%E8%BF%99%E4%BA%9B%E5%85%B6%E5%AE%9E%E9%83%BD%E6%98%AF%E8%BF%9D%E8%A7%84%E7%9A%84%EF%BC%8C%E4%B8%8D%E7%AC%A6%E5%90%88%E9%A3%8E%E9%99%A9%E8%87%AA%E6%8B%85%E7%9A%84%E5%8E%9F%E5%88%99%E2%80%9D%E3%80%82%3C%2Fspan%3E%3C%2Fp%3E%3Cp%3E%3Cspan%20style%3D%22color%3Argb(51%2C%2051%2C%2051)%3Bfont-size%3A10.5pt%3Bfont-family%3A%E5%AE%8B%E4%BD%93%3B%22%3E%E5%90%B4%E6%99%93%E7%81%B5%E7%9A%84%E8%BF%99%E4%B8%80%E8%A7%82%E7%82%B9%E5%BE%97%E5%88%B0%E4%BA%86%E5%8E%9F%E9%93%B6%E7%9B%91%E4%BC%9A%E5%B8%B8%E5%8A%A1%E5%89%AF%E4%B8%BB%E5%B8%AD%E8%94%A1%E9%84%82%E7%94%9F%E7%9A%84%E8%B5%9E%E5%90%8C%E3%80%82%E4%BA%8B%E5%AE%9E%E4%B8%8A%EF%BC%8C%E9%93%B6%E7%9B%91%E4%BC%9A%E6%9B%BE%E7%BB%8F%E5%8F%91%E6%96%87%E6%8C%87%E5%87%BA%EF%BC%8C%E6%97%A2%E7%84%B6%E6%98%AF%E7%90%86%E8%B4%A2%E4%BA%A7%E5%93%81%EF%BC%8C%E5%B0%B1%E4%B8%8D%E8%83%BD%E5%A4%9F%E6%89%BF%E8%AF%BA%E4%BF%9D%E5%BA%95%E6%94%B6%E7%9B%8A%EF%BC%8C%E6%9B%B4%E4%B8%8D%E8%83%BD%E6%89%BF%E8%AF%BA%E5%9B%BA%E5%AE%9A%E6%94%B6%E7%9B%8A%EF%BC%8C%E5%AE%83%E5%8F%AA%E8%83%BD%E5%83%8F%E4%BF%A1%E6%89%98%E4%B8%80%E6%A0%B7%EF%BC%8C%E6%9C%89%E4%B8%80%E4%B8%AA%E9%A2%84%E6%9C%9F%E6%94%B6%E7%9B%8A%EF%BC%8C%E5%8D%B3%E6%94%B6%E7%9B%8A%E7%9A%84%E9%A3%8E%E9%99%A9%E5%BD%93%E7%94%B1%E6%8A%95%E8%B5%84%E8%80%85%E8%87%AA%E8%B4%9F%E3%80%82%3C%2Fspan%3E%3C%2Fp%3E%3Cp%3E%3Cspan%20style%3D%22color%3Argb(51%2C%2051%2C%2051)%3Bfont-size%3A10.5pt%3Bfont-family%3A%E5%AE%8B%E4%BD%93%3B%22%3E%E5%8E%9F%E5%B7%A5%E5%95%86%E9%93%B6%E8%A1%8C%E8%A1%8C%E9%95%BF%26nbsp%3B%E6%9D%A8%E5%87%AF%E7%94%9F%E4%B9%9F%E8%A1%A8%E7%A4%BA%EF%BC%8C%E4%B8%80%E4%BA%9B%E5%B0%8F%E9%87%91%E8%9E%8D%E6%9C%BA%E6%9E%84%EF%BC%8C%E9%9D%9E%E9%93%B6%E8%A1%8C%E6%9C%BA%E6%9E%84%E5%9C%A8%E6%B6%89%E8%B6%B3%E9%87%91%E8%9E%8D%E4%B8%9A%E5%8A%A1%E7%9A%84%E6%97%B6%E5%80%99%EF%BC%8C%E4%B8%80%E5%BC%80%E5%A7%8B%E6%83%B3%E6%80%A5%E5%88%87%E5%9C%B0%E6%8B%93%E5%BC%80%E5%B8%82%E5%9C%BA%EF%BC%8C%E6%83%B3%E5%90%B8%E5%BC%95%E5%AE%A2%E6%88%B7%EF%BC%8C%E8%BF%99%E6%98%AF%E5%8F%AF%E4%BB%A5%E7%90%86%E8%A7%A3%E7%9A%84%EF%BC%8C%E5%9C%A8%E7%AB%8B%E6%B3%95%E5%90%88%E8%A7%84%E7%9A%84%E5%89%8D%E6%8F%90%E4%B8%8B%EF%BC%8C%E6%97%A2%E8%A6%81%E4%BF%9D%E9%9A%9C%E6%94%B6%E7%9B%8A%EF%BC%8C%E4%B9%9F%E8%A6%81%E5%85%B3%E6%B3%A8%E9%A3%8E%E9%99%A9%EF%BC%8C%E5%90%A6%E5%88%99%E6%98%AF%E4%B8%8D%E8%A1%8C%E7%9A%84%E3%80%82%3C%2Fspan%3E%3C%2Fp%3E%3Cp%3E%3Cspan%20style%3D%22color%3Argb(51%2C%2051%2C%2051)%3Bfont-size%3A10.5pt%3Bfont-family%3A%E5%AE%8B%E4%BD%93%3B%22%3E%E4%BB%96%E8%AE%A4%E4%B8%BA%EF%BC%8C%E5%9C%A8%E9%93%B6%E8%A1%8C%E4%B8%9A%E7%9A%84%E7%90%86%E8%B4%A2%E5%8D%8F%E8%AE%AE%E4%B8%8A%EF%BC%8C%E6%8A%8A%E9%A3%8E%E9%99%A9%E9%83%BD%E5%86%99%E6%B8%85%E6%A5%9A%E7%9A%84%EF%BC%8C%E7%94%9A%E8%87%B3%E8%A6%81%E8%AE%A9%E5%AE%A2%E6%88%B7%E8%87%AA%E5%B7%B1%E6%8A%84%E4%B8%80%E9%81%8D%EF%BC%8C%E4%BB%A5%E4%BF%9D%E8%AF%81%E7%A1%AE%E5%AE%9E%E6%98%AF%E4%BA%86%E8%A7%A3%E4%BA%86%E3%80%82%E2%80%9C%E5%B0%B1%E5%83%8F%E7%8E%B0%E5%9C%A8%E9%A6%99%E7%83%9F%E7%9A%84%E5%B9%BF%E5%91%8A%E6%98%AF%E7%A6%81%E6%AD%A2%E5%81%9A%E7%9A%84%EF%BC%8C%E9%A6%99%E7%83%9F%E7%9B%92%E4%B8%8A%E5%BF%85%E9%A1%BB%E5%8D%B0%E4%B8%8A%E5%90%B8%E7%83%9F%E6%9C%89%E5%AE%B3%E5%81%A5%E5%BA%B7%EF%BC%8C%E5%A6%82%E6%9E%9C%E8%AF%B4%E9%A6%99%E7%83%9F%E6%80%8E%E4%B9%88%E6%80%8E%E4%B9%88%E9%A6%99%E3%80%81%E6%80%8E%E4%B9%88%E6%80%8E%E4%B9%88%E6%8F%90%E7%A5%9E%EF%BC%8C%E8%BF%99%E5%B0%B1%E6%9C%89%E9%97%AE%E9%A2%98%E4%BA%86%E3%80%82%E5%9C%A8%E5%AE%A3%E4%BC%A0%E5%A5%BD%E5%A4%84%E7%9A%84%E6%97%B6%E5%80%99%E8%A6%81%E6%8F%AD%E7%A4%BA%E9%A3%8E%E9%99%A9%EF%BC%8C%E8%BF%99%E6%A0%B7%E6%89%8D%E6%98%AF%E4%BE%9D%E6%B3%95%E5%90%88%E8%A7%84%EF%BC%8C%E5%90%A6%E5%88%99%E5%B0%B1%E4%B9%B1%E4%BA%86%E3%80%82%E8%BF%99%E6%A0%B7%E7%9A%84%E5%B9%BF%E5%91%8A%EF%BC%8C%E8%A7%84%E8%8C%83%E7%9A%84%E9%93%B6%E8%A1%8C%E8%BF%98%E6%B2%A1%E6%9C%89%E5%81%9A%E8%BF%99%E6%A0%B7%E7%9A%84%E5%B9%BF%E5%91%8A%E2%80%9D%E3%80%82%3C%2Fspan%3E%3C%2Fp%3E%3Cp%3E%3Cspan%20style%3D%22color%3Argb(51%2C%2051%2C%2051)%3Bfont-size%3A10.5pt%3Bfont-family%3A%E5%AE%8B%E4%BD%93%3B%22%3E%E2%80%9C%E6%94%AF%E4%BB%98%E5%AE%9D%E4%B8%8D%E5%85%89%E6%98%AF%E7%9C%8B%E5%B9%B4%E5%8C%96%E7%9A%844.87%E3%80%82%E5%90%8E%E5%A4%B4%E9%82%A3%E5%8F%A5%E8%AF%9D%E6%9B%B4%E5%90%B8%E5%BC%95%E7%9C%BC%E7%90%83%EF%BC%8C%E8%AF%B4%E6%98%AF%E6%B4%BB%E6%9C%9F%E5%AD%98%E6%AC%BE%E7%9A%84%E8%BF%9114%E5%80%8D%E2%80%9D%E3%80%82%E5%90%B4%E6%99%93%E7%81%B5%E6%8E%A5%E7%9D%80%E8%A1%A8%E7%A4%BA%EF%BC%8C%E8%BF%99%E6%A0%B7%E7%9A%84%E6%AF%94%E8%BE%83%E5%A4%A7%E7%9A%84%E8%AF%9D%E4%B8%8D%E8%83%BD%E8%BD%BB%E6%98%93%E8%AF%B4%E3%80%82%E2%80%9C%E4%BA%BA%E5%8A%9E%E4%BA%8B%E8%A6%81%E7%95%99%E7%82%B9%E5%84%BF%E4%BD%99%E5%9C%B0%EF%BC%8C%E5%AF%B9%E4%B8%8D%E5%AF%B9%EF%BC%9F%E2%80%9D%3C%2Fspan%3E%3C%2Fp%3E%3Cp%3E%3Cspan%20style%3D%22color%3Argb(51%2C%2051%2C%2051)%3Bfont-size%3A10.5pt%3Bfont-family%3A%E5%AE%8B%E4%BD%93%3B%22%3E%E5%AF%B9%E4%BA%8E%E5%BD%93%E5%89%8D%E7%9A%84%E6%B0%91%E8%90%A5%E8%B5%84%E6%9C%AC%E8%BF%9B%E5%86%9B%E9%87%91%E8%9E%8D%E8%A1%8C%E4%B8%9A%E7%9A%84%E7%83%AD%E6%BD%AE%EF%BC%8C%E6%95%B0%E4%BD%8D%E5%8F%82%E5%8A%A0%E8%AE%BA%E5%9D%9B%E7%9A%84%E4%B8%93%E5%AE%B6%E4%B9%9F%E9%83%BD%E6%B3%BC%E4%BA%86%E4%B8%80%E4%BA%9B%E5%86%B7%E6%B0%B4%EF%BC%8C%E6%9D%A8%E5%87%AF%E7%94%9F%E8%AE%A4%E4%B8%BA%EF%BC%8C%E5%BE%88%E5%A4%9A%E4%BA%BA%E6%80%BB%E4%BB%A5%E4%B8%BA%E5%BC%80%E9%93%B6%E8%A1%8C%E5%88%A9%E6%B6%A6%E9%AB%98%EF%BC%8C%E5%85%B6%E5%AE%9E%E6%98%AF%E5%AD%98%E5%9C%A8%E7%9D%80%E8%AF%AF%E5%8C%BA%E3%80%82%E6%9D%A8%E5%87%AF%E7%94%9F%E7%94%A8%E6%95%B0%E6%8D%AE%E6%9D%A5%E6%8F%AD%E7%A4%BA%E8%BF%99%E7%82%B9%EF%BC%8C%E4%BB%96%E6%8C%87%E5%87%BA%EF%BC%8C%E6%88%91%E5%9B%BD%E7%9A%84%E8%A7%84%E6%A8%A1%E4%BB%A5%E4%B8%8A%E5%B7%A5%E4%B8%9A%E4%BC%81%E4%B8%9A%E8%B5%84%E4%BA%A7%E5%9B%9E%E6%8A%A5%E7%8E%87%E6%98%AF7%25%EF%BC%8C%E8%80%8C%E7%9B%B8%E6%AF%94%E4%B9%8B%E4%B8%8B%EF%BC%8C%E6%88%91%E5%9B%BD%E7%9A%84%E9%93%B6%E8%A1%8C%E4%B8%9A%E7%9A%84%E8%B5%84%E4%BA%A7%E5%9B%9E%E6%8A%A5%E7%8E%87%E6%98%AF6.3%25%EF%BC%8C%E5%9C%A8%E5%90%8C%E6%A0%B7%E7%9A%84%E6%97%B6%E9%97%B4%E7%82%B9%E4%B8%8A%EF%BC%8C%E9%93%B6%E8%A1%8C%E8%B5%84%E4%BA%A7%E5%9B%9E%E6%8A%A5%E7%8E%87%E6%98%8E%E6%98%BE%E4%BD%8E%E4%BA%8E%E5%B7%A5%E4%B8%9A%E4%BC%81%E4%B8%9A%E3%80%82%E6%89%80%E4%BB%A5%EF%BC%8C%E4%BB%96%E6%8C%87%E5%87%BA%EF%BC%8C%E9%93%B6%E8%A1%8C%E4%B8%9A%E8%B5%9A%E9%92%B1%E5%A4%9A%E4%B8%8D%E6%98%AF%E7%94%B1%E4%BA%8E%E5%AE%83%E7%9A%84%E5%88%A9%E6%B6%A6%E9%AB%98%EF%BC%8C%E8%80%8C%E6%98%AF%E7%94%B1%E4%BA%8E%E5%AE%83%E7%9A%84%E8%A7%84%E6%A8%A1%E5%A4%A7%E3%80%82%E8%A6%81%E5%8A%9E%E9%93%B6%E8%A1%8C%E6%83%B3%E8%B5%9A%E9%92%B1%EF%BC%8C%E8%A7%84%E6%A8%A1%E5%B0%B1%E5%BF%85%E9%A1%BB%E8%A6%81%E5%A4%A7%E4%B8%80%E4%BA%9B%EF%BC%8C%E4%B9%9F%E5%B0%B1%E6%98%AF%E8%AF%B4%E5%BF%85%E9%A1%BB%E8%A6%81%E6%9C%89%E6%AF%94%E8%BE%83%E5%A4%A7%E7%9A%84%E8%B5%84%E6%9C%AC%E3%80%82%3C%2Fspan%3E%3C%2Fp%3E%3Cp%3E%3Cspan%20style%3D%22color%3Argb(51%2C%2051%2C%2051)%3Bfont-size%3A10.5pt%3Bfont-family%3A%E5%AE%8B%E4%BD%93%3B%22%3E%E5%90%B4%E6%99%93%E7%81%B5%E5%88%99%E8%AE%A4%E4%B8%BA%EF%BC%8C%E5%BD%93%E5%89%8D%E6%B0%91%E8%90%A5%E8%B5%84%E6%9C%AC%E8%BF%9B%E5%85%A5%E9%93%B6%E8%A1%8C%E7%9A%84%E6%9C%BA%E9%81%87%E5%B9%B6%E4%B8%8D%E6%98%AF%E7%89%B9%E5%88%AB%E5%A5%BD%E3%80%82%E2%80%9C%E9%93%B6%E8%A1%8C%E8%AE%BE%E7%AB%8B%E7%A1%AE%E5%AE%9E%E6%AF%94%E5%8E%9F%E6%9D%A5%E6%9B%B4%E5%AE%B9%E6%98%93%E4%BA%86%EF%BC%8C%E4%BD%86%E5%B8%82%E5%9C%BA%E7%8E%AF%E5%A2%83%E5%AF%B9%E6%B0%91%E9%97%B4%E8%B5%84%E6%9C%AC%E8%BF%9B%E5%85%A5%E9%87%91%E8%9E%8D%E4%B8%9A%E6%9B%B4%E6%AE%8B%E9%85%B7%E4%BA%86%E3%80%82%E4%BB%A5%E5%89%8D%E5%9B%BD%E6%9C%89%E5%95%86%E4%B8%9A%E9%93%B6%E8%A1%8C%EF%BC%8C%E5%8F%AB%E5%9B%BD%E6%9C%89%E5%8A%A0%E4%B8%93%E6%9C%89%E9%93%B6%E8%A1%8C%EF%BC%8C%E4%BB%96%E4%BB%AC%E6%B2%A1%E6%9C%89%E9%82%A3%E4%B9%88%E5%A4%A7%E7%9A%84%E5%B8%82%E5%9C%BA%E6%B4%BB%E5%8A%9B%EF%BC%8C%E4%BB%96%E4%BB%AC%E7%9A%84%E8%87%AA%E4%B8%BB%E7%BB%93%E6%9E%84%E7%BB%8F%E8%90%A5%E6%B0%B4%E5%B9%B3%E9%83%BD%E6%AF%94%E8%BE%83%E8%90%BD%E5%90%8E%EF%BC%8C%E4%BD%86%E6%97%B6%E8%87%B3%E4%BB%8A%E6%97%A5%E5%90%84%E5%95%86%E4%B8%9A%E9%93%B6%E8%A1%8C%E9%83%BD%E6%88%90%E4%BA%86%E4%B8%8A%E5%B8%82%E9%93%B6%E8%A1%8C%EF%BC%8C%E8%BF%98%E6%9C%89%E5%BE%88%E5%A4%9A%E8%82%A1%E4%BB%BD%E5%88%B6%E5%95%86%E4%B8%9A%E9%93%B6%E8%A1%8C%EF%BC%8C%E5%9B%A0%E6%AD%A4%E5%9C%A8%E7%BB%8F%E8%90%A5%E7%AE%A1%E7%90%86%E3%80%81%E7%AB%9E%E4%BA%89%E6%B0%B4%E5%B9%B3%E6%96%B9%E9%9D%A2%E9%83%BD%E6%9C%89%E4%BA%86%E6%9E%81%E5%A4%A7%E7%9A%84%E6%8F%90%E9%AB%98%EF%BC%8C%E6%89%80%E4%BB%A5%E6%AD%A4%E6%97%B6%E8%BF%9B%E5%85%A5%E5%88%B0%E9%87%91%E8%9E%8D%E4%B8%9A%E6%9D%A5%EF%BC%8C%E4%B8%8D%E5%83%8F%E5%A4%A7%E5%AE%B6%E5%9C%A8%E5%A4%96%E9%9D%A2%E7%9C%8B%E7%9A%84%EF%BC%8C%E4%BB%A5%E4%B8%BA%E9%87%91%E8%9E%8D%E4%B8%9A%E8%B5%9A%E9%92%B1%E5%A4%9A%E5%AE%B9%E6%98%93%E3%80%81%E6%8C%A3%E9%92%B1%E5%BE%88%E5%A4%9A%EF%BC%8C%E6%B0%91%E8%90%A5%E8%B5%84%E6%9C%AC%E4%B8%8D%E8%A6%81%E4%BB%A5%E4%B8%BA%E5%85%81%E8%AE%B8%E4%B8%BB%E5%8A%A8%E5%8F%91%E8%B5%B7%E8%BF%99%E4%BB%B6%E4%BA%8B%E4%BA%86%E5%B0%B1%E5%BE%88%E5%85%B4%E5%A5%8B%EF%BC%8C%E8%AF%B4%E4%B8%8D%E5%AE%9A%E8%BF%9B%E6%9D%A5%E7%9A%84%E6%97%B6%E5%80%99%E7%9C%8B%E7%AB%9E%E4%BA%89%E7%9A%84%E7%8E%AF%E5%A2%83%E6%98%AF%E6%AF%94%E8%BF%87%E5%8E%BB%E6%9B%B4%E6%AE%8B%E9%85%B7%E4%BA%86%E2%80%9D%E3%80%82%3C%2Fspan%3E%3C%2Fp%3E%3Cp%3E%3Cspan%20style%3D%22color%3Argb(51%2C%2051%2C%2051)%3Bfont-size%3A10.5pt%3Bfont-family%3A%E5%AE%8B%E4%BD%93%3B%22%3E%E2%80%9C%E4%BD%A0%E8%BF%9B%E6%9D%A5%E4%BB%A5%E5%90%8E%EF%BC%8C%E6%89%80%E9%9D%A2%E5%AF%B9%E7%9A%84%E8%BF%99%E6%A0%B7%E4%B8%80%E4%B8%AA%E5%B8%82%E5%9C%BA%EF%BC%8C%E4%BD%A0%E7%9A%84%E4%BA%BA%E5%8A%9B%E8%B5%84%E6%9C%AC%E6%88%90%E6%9C%AC%E6%98%AF%E9%9D%9E%E5%B8%B8%E4%B9%8B%E9%AB%98%E7%9A%84%EF%BC%8C%E8%80%8C%E4%B8%94%E4%BD%A0%E7%9A%84%E7%AB%9E%E4%BA%89%E5%AF%B9%E8%B1%A1%E4%B8%8D%E6%98%AF%E8%BF%87%E5%8E%BB%E7%9A%84%E5%AF%B9%E8%B1%A1%EF%BC%8C%E4%BD%A0%E6%9C%89%E4%BB%80%E4%B9%88%E6%A0%B7%E9%94%99%E4%BD%8D%E7%9A%84%E7%AB%9E%E4%BA%89%EF%BC%8C%E5%B7%AE%E5%BC%82%E5%8C%96%E7%9A%84%E7%AB%9E%E4%BA%89%EF%BC%8C%E8%BF%98%E6%9C%89%E4%BD%A0%E7%9A%84%E4%BC%98%E5%8A%BF%E5%9C%A8%E4%BB%80%E4%B9%88%E5%9C%B0%E6%96%B9%E3%80%82%E8%BF%99%E9%83%BD%E6%98%AF%E5%AD%98%E5%9C%A8%E5%BE%88%E5%A4%A7%E4%B8%8D%E7%A1%AE%E5%AE%9A%E6%80%A7%E7%9A%84%E3%80%82%E2%80%9D%3C%2Fspan%3E%3C%2Fp%3E%3Cp%3E%3Cspan%20style%3D%22color%3Argb(51%2C%2051%2C%2051)%3Bfont-size%3A10.5pt%3Bfont-family%3A%E5%AE%8B%E4%BD%93%3B%22%3E%E5%8F%A6%E5%A4%96%EF%BC%8C%E7%94%B1%E4%BA%8E%E4%B9%8B%E5%89%8D%E6%AF%8F%E6%AC%A1%E9%93%B6%E8%A1%8C%E5%87%BA%E4%BA%86%E9%A3%8E%E9%99%A9%EF%BC%8C%E9%83%BD%E6%98%AF%E8%B4%A2%E6%94%BF%E7%99%BE%E5%88%86%E4%B9%8B%E7%99%BE%E7%9A%84%E6%89%BF%E6%8B%85%EF%BC%8C%E8%BF%99%E6%AC%A1%E5%BE%88%E5%A4%9A%E4%BA%BA%E9%83%BD%E7%89%B9%E5%88%AB%E6%9C%9F%E5%BE%85%E4%BF%9D%E9%99%A9(%E6%94%BE%E5%BF%83%E4%BF%9D)%E5%88%B6%E5%BA%A6%E5%87%BA%E5%8F%B0%E3%80%82%E5%90%B4%E6%99%93%E7%81%B5%E8%A1%A8%E7%A4%BA%EF%BC%8C%E2%80%9C%E5%A4%A7%E5%AE%B6%E7%9F%A5%E9%81%93%E4%BB%8E%E6%89%93%E4%BF%9D%E9%99%A9%E5%88%B6%E5%BA%A6%E5%87%BA%E5%8F%B0%E4%B9%8B%E5%90%8E%E6%98%AF%E6%9C%89%E9%99%90%E8%B5%94%E4%BB%98%EF%BC%8C%E7%9B%AE%E5%89%8D%E7%9A%84%E6%94%BF%E7%AD%96%E5%87%BA%E5%8F%B0%E4%B9%8B%E5%90%8E%E5%AF%B9%E6%89%80%E6%9C%89%E7%9A%84%E6%9C%BA%E6%9E%84%E6%8A%95%E8%B5%84%E4%BA%BA%E5%92%8C%E4%B8%AA%E4%BA%BA%E9%83%BD%E6%98%AF%E5%85%AC%E5%B9%B3%E7%9A%84%E4%BA%86%E3%80%82%E8%BF%87%E5%8E%BB%E6%98%AF%E5%9B%BD%E5%AE%B6%E6%8B%BF%E9%92%B1%E7%99%BE%E5%88%86%E4%B9%8B%E7%99%BE%E5%85%91%E4%BB%98%E4%B8%AA%E4%BA%BA%E5%80%BA%E5%8A%A1%EF%BC%8C%E6%9C%BA%E6%9E%84%E5%80%BA%E5%8A%A1%E6%A0%B9%E6%9C%AC%E4%B8%8D%E7%AE%A1%EF%BC%8C%E5%9F%8E%E4%BF%A1%E7%A4%BE%E5%BD%93%E6%97%B680%E5%B9%B4%E4%BB%A3%E8%B0%81%E6%8E%A7%E5%88%B6%E9%83%BD%E5%8F%AF%E4%BB%A5%EF%BC%8C%E4%BD%86%E8%A6%81%E6%B1%82%E6%94%BF%E5%BA%9C%E6%8E%A7%E5%88%B625%25-30%25%EF%BC%8C%E4%B8%BA%E4%BB%80%E4%B9%88%EF%BC%9F%E5%B0%B1%E6%98%AF%E5%9B%A0%E4%B8%BA%E8%BF%99%E4%B8%AA%E2%80%9D%E3%80%82%26nbsp%3B%3C%2Fspan%3E%3Ca%20href%3D%22http%3A%2F%2Fwww.edai.com%2F%22%3E%3Cimg%20width%3D%2216%22%20height%3D%2216%22%20src%3D%22file%3A%2F%2F%2FC%3A%5CUsers%5CBryce%5CAppData%5CLocal%5CTemp%5Cksohtml%5Cwps_clip_image-15180.png%22%20alt%3D%22%22%20%2F%3E%3Cspan%20style%3D%22color%3Argb(0%2C%200%2C%20255)%3Bfont-size%3A10.5pt%3Bfont-family%3A%E5%AE%8B%E4%BD%93%3B%22%3E%26nbsp%3B%3C%2Fspan%3E%3Cspan%20style%3D%22color%3Argb(81%2C%20112%2C%20166)%3Bfont-size%3A10.5pt%3Bfont-family%3A%E5%AE%8B%E4%BD%93%3B%22%3E%E7%BC%BA%E9%92%B1%E5%B8%AE%E4%BD%A0%E8%B4%B7%E6%AC%BE%3C%2Fspan%3E%3C%2Fa%3E%3Ca%20href%3D%22http%3A%2F%2Fp2p.edai.com%2F%22%3E%3Cspan%20style%3D%22color%3Argb(0%2C%200%2C%20255)%3Bfont-size%3A10.5pt%3Bfont-family%3A%E5%AE%8B%E4%BD%93%3B%22%3E%26nbsp%3B%3C%2Fspan%3E%3Cspan%20style%3D%22color%3Argb(81%2C%20112%2C%20166)%3Bfont-size%3A10.5pt%3Bfont-family%3A%E5%AE%8B%E4%BD%93%3B%22%3E%E6%9C%89%E9%92%B1%E5%B8%AE%E4%BD%A0%E8%B5%9A%E9%92%B1%3C%2Fspan%3E%3C%2Fa%3E%3C%2Fp%3E%3Cp%3E%3Cspan%20style%3D%22font-size%3A10.5000pt%3Bfont-family%3A\'Times%20New%20Roman\'%3B%22%3E%26nbsp%3B%3C%2Fspan%3E%3C%2Fp%3E%3C%2Fdiv%3E%20%20%20%20%20%20%20%20','lender','小额贷款','2013-12-13 16:51:04'),(11,'测试乱码','%3Cdiv%3E%3Cp%3E%3Cspan%20style%3D%22color%3Argb(51%2C%2051%2C%2051)%3Bfont-size%3A10.5pt%3Bfont-family%3A%E5%AE%8B%E4%BD%93%3B%22%3E%E2%80%9C%E6%94%AF%E4%BB%98%E5%AE%9D%E9%92%B1%E5%8C%85%EF%BC%8C%E4%BC%9A%E8%B5%9A%E9%92%B1%E7%9A%84%E9%92%B1%E5%8C%85%E2%80%A6%E2%80%A6%E4%BD%99%E9%A2%9D%E5%AE%9D%E7%B4%AF%E8%AE%A1%E6%94%B6%E7%9B%8A%E7%8E%87%E6%98%AF%E6%B4%BB%E6%9C%9F%E5%AD%98%E6%AC%BE%E7%9A%84%E8%BF%9114%E5%80%8D%E3%80%82%E2%80%9D%E8%BF%99%E6%A0%B7%E7%9A%84%E5%B9%BF%E5%91%8A%E6%98%AF%E4%B8%8D%E6%98%AF%E5%AD%98%E5%9C%A8%E4%B8%80%E4%BA%9B%E9%97%AE%E9%A2%98%EF%BC%9F%E5%9C%A82013%E5%A4%AE%E8%A7%86%E8%B4%A2%E7%BB%8F%E8%AE%BA%E5%9D%9B%E3%80%81%E5%A4%AE%E8%A7%86%E8%B4%A2%E7%BB%8F%E9%A2%91%E9%81%93%E4%B8%BB%E5%8A%9E%E3%80%81%E7%AC%AC%E5%8D%81%E5%9B%9B%E5%B1%8A%E4%B8%AD%E5%9B%BD%E7%BB%8F%E6%B5%8E%E5%B9%B4%E5%BA%A6%E4%BA%BA%E7%89%A9%E9%A2%81%E5%A5%96%E7%9B%9B%E5%85%B8%E4%B8%AD%EF%BC%8C%E6%95%B0%E4%BD%8D%E4%B8%93%E5%AE%B6%E5%81%9A%E5%87%BA%E4%BA%86%E8%82%AF%E5%AE%9A%E7%9A%84%E7%AD%94%E5%A4%8D%E3%80%82%3C%2Fspan%3E%3C%2Fp%3E%3Cp%3E%3Cspan%20style%3D%22color%3Argb(51%2C%2051%2C%2051)%3Bfont-size%3A10.5pt%3Bfont-family%3A%E5%AE%8B%E4%BD%93%3B%22%3E%E5%85%A8%E5%9B%BD%E4%BA%BA%E5%A4%A7%E8%B4%A2%E7%BB%8F%E5%A7%94%E5%89%AF%E4%B8%BB%E4%BB%BB%E5%A7%94%E5%91%98%E6%B8%85%E5%8D%8E%E4%BA%94%E9%81%93%E5%8F%A3%E9%87%91%E8%9E%8D%E5%AD%A6%E9%99%A2%E9%99%A2%E9%95%BF%E5%90%B4%E6%99%93%E7%81%B5%E8%A1%A8%E7%A4%BA%EF%BC%8C%E2%80%9C%E5%83%8F%E4%BD%99%E9%A2%9D%E5%AE%9D%E8%BF%99%E6%A0%B7%E7%9A%84%E5%AE%A3%E4%BC%A0%E6%96%B9%E5%BC%8F%E7%A1%AE%E5%AE%9E%E6%9C%89%E8%BF%9D%E8%A7%84%E5%AB%8C%E7%96%91%E7%9A%84%E3%80%82%E4%BB%BB%E4%BD%95%E7%9A%84%3C%2Fspan%3E%3Ca%20href%3D%22http%3A%2F%2Fp2p.edai.com%2F%22%3E%3Cspan%20style%3D%22color%3Argb(0%2C%200%2C%20255)%3Bfont-size%3A10.5pt%3Bfont-family%3A%E5%AE%8B%E4%BD%93%3B%22%3E%E7%90%86%E8%B4%A2%3C%2Fspan%3E%3C%2Fa%3E%3Cspan%20style%3D%22color%3Argb(51%2C%2051%2C%2051)%3Bfont-size%3A10.5pt%3Bfont-family%3A%E5%AE%8B%E4%BD%93%3B%22%3E%E4%BA%A7%E5%93%81%E9%83%BD%E7%BB%9D%E5%AF%B9%E4%B8%8D%E5%85%81%E8%AE%B8%E6%89%BF%E8%AF%BA%E5%9B%9E%E6%8A%A5%EF%BC%8C%E7%90%86%E8%B4%A2%E4%BA%A7%E5%93%81%E7%9A%84%E7%89%B9%E7%82%B9%E5%B0%B1%E6%98%AF%3C%2Fspan%3E%3Ca%20href%3D%22http%3A%2F%2Fp2p.edai.com%2F%22%3E%3Cspan%20style%3D%22color%3Argb(0%2C%200%2C%20255)%3Bfont-size%3A10.5pt%3Bfont-family%3A%E5%AE%8B%E4%BD%93%3B%22%3E%E6%8A%95%E8%B5%84%3C%2Fspan%3E%3C%2Fa%3E%3Cspan%20style%3D%22color%3Argb(51%2C%2051%2C%2051)%3Bfont-size%3A10.5pt%3Bfont-family%3A%E5%AE%8B%E4%BD%93%3B%22%3E%E4%BA%BA%E6%89%BF%E6%8B%85%E9%A3%8E%E9%99%A9%EF%BC%8C%E7%84%B6%E5%90%8E%E4%BD%A0%E8%BF%98%E8%AF%B4%E5%87%BA%E4%BA%86%E4%B8%80%E5%B9%B4%E7%9A%84%E6%94%B6%E7%9B%8A%E7%8E%87%EF%BC%8C%E8%BF%99%E5%B0%B1%E7%AD%89%E4%BA%8E%E8%AF%B4%E5%A6%82%E6%9E%9C%E4%BB%8E%E6%9F%90%E7%A7%8D%E6%84%8F%E4%B9%89%E4%B8%8A%E6%9D%A5%E8%AF%B4%EF%BC%8C%E5%85%B6%E5%AE%9E%E5%9C%A8%E5%8F%98%E7%9B%B8%E5%90%B8%E6%94%B6%E5%AD%98%E6%AC%BE%E3%80%82%E5%AD%98%E6%AC%BE%E7%9A%84%E6%A6%82%E5%BF%B5%E6%89%8D%E6%98%AF%E4%BB%80%E4%B9%88%E5%91%A2%EF%BC%9F%E6%89%8D%E6%98%AF%E7%BB%99%E4%BD%A0%E4%B8%80%E4%B8%AA%E7%A1%AE%E5%AE%9A%E7%9A%84%E6%94%B6%E7%9B%8A%E7%8E%87%EF%BC%8C%E6%88%91%E5%AF%B9%E4%BD%A0%E8%B4%9F%E8%B4%A3%EF%BC%8C%E7%AD%89%E4%BA%8E%E6%88%91%E6%88%90%E4%BA%86%E5%80%BA%E4%B8%BB%EF%BC%8C%E6%88%91%E4%BB%AC%E6%98%AF%E5%80%BA%E6%9D%83%E4%BA%BA%EF%BC%8C%E6%88%91%E8%A7%89%E5%BE%97%E8%BF%99%E4%BA%9B%E5%85%B6%E5%AE%9E%E9%83%BD%E6%98%AF%E8%BF%9D%E8%A7%84%E7%9A%84%EF%BC%8C%E4%B8%8D%E7%AC%A6%E5%90%88%E9%A3%8E%E9%99%A9%E8%87%AA%E6%8B%85%E7%9A%84%E5%8E%9F%E5%88%99%E2%80%9D%E3%80%82%3C%2Fspan%3E%3C%2Fp%3E%3Cp%3E%3Cspan%20style%3D%22color%3Argb(51%2C%2051%2C%2051)%3Bfont-size%3A10.5pt%3Bfont-family%3A%E5%AE%8B%E4%BD%93%3B%22%3E%E5%90%B4%E6%99%93%E7%81%B5%E7%9A%84%E8%BF%99%E4%B8%80%E8%A7%82%E7%82%B9%E5%BE%97%E5%88%B0%E4%BA%86%E5%8E%9F%E9%93%B6%E7%9B%91%E4%BC%9A%E5%B8%B8%E5%8A%A1%E5%89%AF%E4%B8%BB%E5%B8%AD%E8%94%A1%E9%84%82%E7%94%9F%E7%9A%84%E8%B5%9E%E5%90%8C%E3%80%82%E4%BA%8B%E5%AE%9E%E4%B8%8A%EF%BC%8C%E9%93%B6%E7%9B%91%E4%BC%9A%E6%9B%BE%E7%BB%8F%E5%8F%91%E6%96%87%E6%8C%87%E5%87%BA%EF%BC%8C%E6%97%A2%E7%84%B6%E6%98%AF%E7%90%86%E8%B4%A2%E4%BA%A7%E5%93%81%EF%BC%8C%E5%B0%B1%E4%B8%8D%E8%83%BD%E5%A4%9F%E6%89%BF%E8%AF%BA%E4%BF%9D%E5%BA%95%E6%94%B6%E7%9B%8A%EF%BC%8C%E6%9B%B4%E4%B8%8D%E8%83%BD%E6%89%BF%E8%AF%BA%E5%9B%BA%E5%AE%9A%E6%94%B6%E7%9B%8A%EF%BC%8C%E5%AE%83%E5%8F%AA%E8%83%BD%E5%83%8F%E4%BF%A1%E6%89%98%E4%B8%80%E6%A0%B7%EF%BC%8C%E6%9C%89%E4%B8%80%E4%B8%AA%E9%A2%84%E6%9C%9F%E6%94%B6%E7%9B%8A%EF%BC%8C%E5%8D%B3%E6%94%B6%E7%9B%8A%E7%9A%84%E9%A3%8E%E9%99%A9%E5%BD%93%E7%94%B1%E6%8A%95%E8%B5%84%E8%80%85%E8%87%AA%E8%B4%9F%E3%80%82%3C%2Fspan%3E%3C%2Fp%3E%3Cp%3E%3Cspan%20style%3D%22color%3Argb(51%2C%2051%2C%2051)%3Bfont-size%3A10.5pt%3Bfont-family%3A%E5%AE%8B%E4%BD%93%3B%22%3E%E5%8E%9F%E5%B7%A5%E5%95%86%E9%93%B6%E8%A1%8C%E8%A1%8C%E9%95%BF%26nbsp%3B%E6%9D%A8%E5%87%AF%E7%94%9F%E4%B9%9F%E8%A1%A8%E7%A4%BA%EF%BC%8C%E4%B8%80%E4%BA%9B%E5%B0%8F%E9%87%91%E8%9E%8D%E6%9C%BA%E6%9E%84%EF%BC%8C%E9%9D%9E%E9%93%B6%E8%A1%8C%E6%9C%BA%E6%9E%84%E5%9C%A8%E6%B6%89%E8%B6%B3%E9%87%91%E8%9E%8D%E4%B8%9A%E5%8A%A1%E7%9A%84%E6%97%B6%E5%80%99%EF%BC%8C%E4%B8%80%E5%BC%80%E5%A7%8B%E6%83%B3%E6%80%A5%E5%88%87%E5%9C%B0%E6%8B%93%E5%BC%80%E5%B8%82%E5%9C%BA%EF%BC%8C%E6%83%B3%E5%90%B8%E5%BC%95%E5%AE%A2%E6%88%B7%EF%BC%8C%E8%BF%99%E6%98%AF%E5%8F%AF%E4%BB%A5%E7%90%86%E8%A7%A3%E7%9A%84%EF%BC%8C%E5%9C%A8%E7%AB%8B%E6%B3%95%E5%90%88%E8%A7%84%E7%9A%84%E5%89%8D%E6%8F%90%E4%B8%8B%EF%BC%8C%E6%97%A2%E8%A6%81%E4%BF%9D%E9%9A%9C%E6%94%B6%E7%9B%8A%EF%BC%8C%E4%B9%9F%E8%A6%81%E5%85%B3%E6%B3%A8%E9%A3%8E%E9%99%A9%EF%BC%8C%E5%90%A6%E5%88%99%E6%98%AF%E4%B8%8D%E8%A1%8C%E7%9A%84%E3%80%82%3C%2Fspan%3E%3C%2Fp%3E%3Cp%3E%3Cspan%20style%3D%22color%3Argb(51%2C%2051%2C%2051)%3Bfont-size%3A10.5pt%3Bfont-family%3A%E5%AE%8B%E4%BD%93%3B%22%3E%E4%BB%96%E8%AE%A4%E4%B8%BA%EF%BC%8C%E5%9C%A8%E9%93%B6%E8%A1%8C%E4%B8%9A%E7%9A%84%E7%90%86%E8%B4%A2%E5%8D%8F%E8%AE%AE%E4%B8%8A%EF%BC%8C%E6%8A%8A%E9%A3%8E%E9%99%A9%E9%83%BD%E5%86%99%E6%B8%85%E6%A5%9A%E7%9A%84%EF%BC%8C%E7%94%9A%E8%87%B3%E8%A6%81%E8%AE%A9%E5%AE%A2%E6%88%B7%E8%87%AA%E5%B7%B1%E6%8A%84%E4%B8%80%E9%81%8D%EF%BC%8C%E4%BB%A5%E4%BF%9D%E8%AF%81%E7%A1%AE%E5%AE%9E%E6%98%AF%E4%BA%86%E8%A7%A3%E4%BA%86%E3%80%82%E2%80%9C%E5%B0%B1%E5%83%8F%E7%8E%B0%E5%9C%A8%E9%A6%99%E7%83%9F%E7%9A%84%E5%B9%BF%E5%91%8A%E6%98%AF%E7%A6%81%E6%AD%A2%E5%81%9A%E7%9A%84%EF%BC%8C%E9%A6%99%E7%83%9F%E7%9B%92%E4%B8%8A%E5%BF%85%E9%A1%BB%E5%8D%B0%E4%B8%8A%E5%90%B8%E7%83%9F%E6%9C%89%E5%AE%B3%E5%81%A5%E5%BA%B7%EF%BC%8C%E5%A6%82%E6%9E%9C%E8%AF%B4%E9%A6%99%E7%83%9F%E6%80%8E%E4%B9%88%E6%80%8E%E4%B9%88%E9%A6%99%E3%80%81%E6%80%8E%E4%B9%88%E6%80%8E%E4%B9%88%E6%8F%90%E7%A5%9E%EF%BC%8C%E8%BF%99%E5%B0%B1%E6%9C%89%E9%97%AE%E9%A2%98%E4%BA%86%E3%80%82%E5%9C%A8%E5%AE%A3%E4%BC%A0%E5%A5%BD%E5%A4%84%E7%9A%84%E6%97%B6%E5%80%99%E8%A6%81%E6%8F%AD%E7%A4%BA%E9%A3%8E%E9%99%A9%EF%BC%8C%E8%BF%99%E6%A0%B7%E6%89%8D%E6%98%AF%E4%BE%9D%E6%B3%95%E5%90%88%E8%A7%84%EF%BC%8C%E5%90%A6%E5%88%99%E5%B0%B1%E4%B9%B1%E4%BA%86%E3%80%82%E8%BF%99%E6%A0%B7%E7%9A%84%E5%B9%BF%E5%91%8A%EF%BC%8C%E8%A7%84%E8%8C%83%E7%9A%84%E9%93%B6%E8%A1%8C%E8%BF%98%E6%B2%A1%E6%9C%89%E5%81%9A%E8%BF%99%E6%A0%B7%E7%9A%84%E5%B9%BF%E5%91%8A%E2%80%9D%E3%80%82%3C%2Fspan%3E%3C%2Fp%3E%3Cp%3E%3Cspan%20style%3D%22color%3Argb(51%2C%2051%2C%2051)%3Bfont-size%3A10.5pt%3Bfont-family%3A%E5%AE%8B%E4%BD%93%3B%22%3E%E2%80%9C%E6%94%AF%E4%BB%98%E5%AE%9D%E4%B8%8D%E5%85%89%E6%98%AF%E7%9C%8B%E5%B9%B4%E5%8C%96%E7%9A%844.87%E3%80%82%E5%90%8E%E5%A4%B4%E9%82%A3%E5%8F%A5%E8%AF%9D%E6%9B%B4%E5%90%B8%E5%BC%95%E7%9C%BC%E7%90%83%EF%BC%8C%E8%AF%B4%E6%98%AF%E6%B4%BB%E6%9C%9F%E5%AD%98%E6%AC%BE%E7%9A%84%E8%BF%9114%E5%80%8D%E2%80%9D%E3%80%82%E5%90%B4%E6%99%93%E7%81%B5%E6%8E%A5%E7%9D%80%E8%A1%A8%E7%A4%BA%EF%BC%8C%E8%BF%99%E6%A0%B7%E7%9A%84%E6%AF%94%E8%BE%83%E5%A4%A7%E7%9A%84%E8%AF%9D%E4%B8%8D%E8%83%BD%E8%BD%BB%E6%98%93%E8%AF%B4%E3%80%82%E2%80%9C%E4%BA%BA%E5%8A%9E%E4%BA%8B%E8%A6%81%E7%95%99%E7%82%B9%E5%84%BF%E4%BD%99%E5%9C%B0%EF%BC%8C%E5%AF%B9%E4%B8%8D%E5%AF%B9%EF%BC%9F%E2%80%9D%3C%2Fspan%3E%3C%2Fp%3E%3Cp%3E%3Cspan%20style%3D%22color%3Argb(51%2C%2051%2C%2051)%3Bfont-size%3A10.5pt%3Bfont-family%3A%E5%AE%8B%E4%BD%93%3B%22%3E%E5%AF%B9%E4%BA%8E%E5%BD%93%E5%89%8D%E7%9A%84%E6%B0%91%E8%90%A5%E8%B5%84%E6%9C%AC%E8%BF%9B%E5%86%9B%E9%87%91%E8%9E%8D%E8%A1%8C%E4%B8%9A%E7%9A%84%E7%83%AD%E6%BD%AE%EF%BC%8C%E6%95%B0%E4%BD%8D%E5%8F%82%E5%8A%A0%E8%AE%BA%E5%9D%9B%E7%9A%84%E4%B8%93%E5%AE%B6%E4%B9%9F%E9%83%BD%E6%B3%BC%E4%BA%86%E4%B8%80%E4%BA%9B%E5%86%B7%E6%B0%B4%EF%BC%8C%E6%9D%A8%E5%87%AF%E7%94%9F%E8%AE%A4%E4%B8%BA%EF%BC%8C%E5%BE%88%E5%A4%9A%E4%BA%BA%E6%80%BB%E4%BB%A5%E4%B8%BA%E5%BC%80%E9%93%B6%E8%A1%8C%E5%88%A9%E6%B6%A6%E9%AB%98%EF%BC%8C%E5%85%B6%E5%AE%9E%E6%98%AF%E5%AD%98%E5%9C%A8%E7%9D%80%E8%AF%AF%E5%8C%BA%E3%80%82%E6%9D%A8%E5%87%AF%E7%94%9F%E7%94%A8%E6%95%B0%E6%8D%AE%E6%9D%A5%E6%8F%AD%E7%A4%BA%E8%BF%99%E7%82%B9%EF%BC%8C%E4%BB%96%E6%8C%87%E5%87%BA%EF%BC%8C%E6%88%91%E5%9B%BD%E7%9A%84%E8%A7%84%E6%A8%A1%E4%BB%A5%E4%B8%8A%E5%B7%A5%E4%B8%9A%E4%BC%81%E4%B8%9A%E8%B5%84%E4%BA%A7%E5%9B%9E%E6%8A%A5%E7%8E%87%E6%98%AF7%25%EF%BC%8C%E8%80%8C%E7%9B%B8%E6%AF%94%E4%B9%8B%E4%B8%8B%EF%BC%8C%E6%88%91%E5%9B%BD%E7%9A%84%E9%93%B6%E8%A1%8C%E4%B8%9A%E7%9A%84%E8%B5%84%E4%BA%A7%E5%9B%9E%E6%8A%A5%E7%8E%87%E6%98%AF6.3%25%EF%BC%8C%E5%9C%A8%E5%90%8C%E6%A0%B7%E7%9A%84%E6%97%B6%E9%97%B4%E7%82%B9%E4%B8%8A%EF%BC%8C%E9%93%B6%E8%A1%8C%E8%B5%84%E4%BA%A7%E5%9B%9E%E6%8A%A5%E7%8E%87%E6%98%8E%E6%98%BE%E4%BD%8E%E4%BA%8E%E5%B7%A5%E4%B8%9A%E4%BC%81%E4%B8%9A%E3%80%82%E6%89%80%E4%BB%A5%EF%BC%8C%E4%BB%96%E6%8C%87%E5%87%BA%EF%BC%8C%E9%93%B6%E8%A1%8C%E4%B8%9A%E8%B5%9A%E9%92%B1%E5%A4%9A%E4%B8%8D%E6%98%AF%E7%94%B1%E4%BA%8E%E5%AE%83%E7%9A%84%E5%88%A9%E6%B6%A6%E9%AB%98%EF%BC%8C%E8%80%8C%E6%98%AF%E7%94%B1%E4%BA%8E%E5%AE%83%E7%9A%84%E8%A7%84%E6%A8%A1%E5%A4%A7%E3%80%82%E8%A6%81%E5%8A%9E%E9%93%B6%E8%A1%8C%E6%83%B3%E8%B5%9A%E9%92%B1%EF%BC%8C%E8%A7%84%E6%A8%A1%E5%B0%B1%E5%BF%85%E9%A1%BB%E8%A6%81%E5%A4%A7%E4%B8%80%E4%BA%9B%EF%BC%8C%E4%B9%9F%E5%B0%B1%E6%98%AF%E8%AF%B4%E5%BF%85%E9%A1%BB%E8%A6%81%E6%9C%89%E6%AF%94%E8%BE%83%E5%A4%A7%E7%9A%84%E8%B5%84%E6%9C%AC%E3%80%82%3C%2Fspan%3E%3C%2Fp%3E%3Cp%3E%3Cspan%20style%3D%22color%3Argb(51%2C%2051%2C%2051)%3Bfont-size%3A10.5pt%3Bfont-family%3A%E5%AE%8B%E4%BD%93%3B%22%3E%E5%90%B4%E6%99%93%E7%81%B5%E5%88%99%E8%AE%A4%E4%B8%BA%EF%BC%8C%E5%BD%93%E5%89%8D%E6%B0%91%E8%90%A5%E8%B5%84%E6%9C%AC%E8%BF%9B%E5%85%A5%E9%93%B6%E8%A1%8C%E7%9A%84%E6%9C%BA%E9%81%87%E5%B9%B6%E4%B8%8D%E6%98%AF%E7%89%B9%E5%88%AB%E5%A5%BD%E3%80%82%E2%80%9C%E9%93%B6%E8%A1%8C%E8%AE%BE%E7%AB%8B%E7%A1%AE%E5%AE%9E%E6%AF%94%E5%8E%9F%E6%9D%A5%E6%9B%B4%E5%AE%B9%E6%98%93%E4%BA%86%EF%BC%8C%E4%BD%86%E5%B8%82%E5%9C%BA%E7%8E%AF%E5%A2%83%E5%AF%B9%E6%B0%91%E9%97%B4%E8%B5%84%E6%9C%AC%E8%BF%9B%E5%85%A5%E9%87%91%E8%9E%8D%E4%B8%9A%E6%9B%B4%E6%AE%8B%E9%85%B7%E4%BA%86%E3%80%82%E4%BB%A5%E5%89%8D%E5%9B%BD%E6%9C%89%E5%95%86%E4%B8%9A%E9%93%B6%E8%A1%8C%EF%BC%8C%E5%8F%AB%E5%9B%BD%E6%9C%89%E5%8A%A0%E4%B8%93%E6%9C%89%E9%93%B6%E8%A1%8C%EF%BC%8C%E4%BB%96%E4%BB%AC%E6%B2%A1%E6%9C%89%E9%82%A3%E4%B9%88%E5%A4%A7%E7%9A%84%E5%B8%82%E5%9C%BA%E6%B4%BB%E5%8A%9B%EF%BC%8C%E4%BB%96%E4%BB%AC%E7%9A%84%E8%87%AA%E4%B8%BB%E7%BB%93%E6%9E%84%E7%BB%8F%E8%90%A5%E6%B0%B4%E5%B9%B3%E9%83%BD%E6%AF%94%E8%BE%83%E8%90%BD%E5%90%8E%EF%BC%8C%E4%BD%86%E6%97%B6%E8%87%B3%E4%BB%8A%E6%97%A5%E5%90%84%E5%95%86%E4%B8%9A%E9%93%B6%E8%A1%8C%E9%83%BD%E6%88%90%E4%BA%86%E4%B8%8A%E5%B8%82%E9%93%B6%E8%A1%8C%EF%BC%8C%E8%BF%98%E6%9C%89%E5%BE%88%E5%A4%9A%E8%82%A1%E4%BB%BD%E5%88%B6%E5%95%86%E4%B8%9A%E9%93%B6%E8%A1%8C%EF%BC%8C%E5%9B%A0%E6%AD%A4%E5%9C%A8%E7%BB%8F%E8%90%A5%E7%AE%A1%E7%90%86%E3%80%81%E7%AB%9E%E4%BA%89%E6%B0%B4%E5%B9%B3%E6%96%B9%E9%9D%A2%E9%83%BD%E6%9C%89%E4%BA%86%E6%9E%81%E5%A4%A7%E7%9A%84%E6%8F%90%E9%AB%98%EF%BC%8C%E6%89%80%E4%BB%A5%E6%AD%A4%E6%97%B6%E8%BF%9B%E5%85%A5%E5%88%B0%E9%87%91%E8%9E%8D%E4%B8%9A%E6%9D%A5%EF%BC%8C%E4%B8%8D%E5%83%8F%E5%A4%A7%E5%AE%B6%E5%9C%A8%E5%A4%96%E9%9D%A2%E7%9C%8B%E7%9A%84%EF%BC%8C%E4%BB%A5%E4%B8%BA%E9%87%91%E8%9E%8D%E4%B8%9A%E8%B5%9A%E9%92%B1%E5%A4%9A%E5%AE%B9%E6%98%93%E3%80%81%E6%8C%A3%E9%92%B1%E5%BE%88%E5%A4%9A%EF%BC%8C%E6%B0%91%E8%90%A5%E8%B5%84%E6%9C%AC%E4%B8%8D%E8%A6%81%E4%BB%A5%E4%B8%BA%E5%85%81%E8%AE%B8%E4%B8%BB%E5%8A%A8%E5%8F%91%E8%B5%B7%E8%BF%99%E4%BB%B6%E4%BA%8B%E4%BA%86%E5%B0%B1%E5%BE%88%E5%85%B4%E5%A5%8B%EF%BC%8C%E8%AF%B4%E4%B8%8D%E5%AE%9A%E8%BF%9B%E6%9D%A5%E7%9A%84%E6%97%B6%E5%80%99%E7%9C%8B%E7%AB%9E%E4%BA%89%E7%9A%84%E7%8E%AF%E5%A2%83%E6%98%AF%E6%AF%94%E8%BF%87%E5%8E%BB%E6%9B%B4%E6%AE%8B%E9%85%B7%E4%BA%86%E2%80%9D%E3%80%82%3C%2Fspan%3E%3C%2Fp%3E%3Cp%3E%3Cspan%20style%3D%22color%3Argb(51%2C%2051%2C%2051)%3Bfont-size%3A10.5pt%3Bfont-family%3A%E5%AE%8B%E4%BD%93%3B%22%3E%E2%80%9C%E4%BD%A0%E8%BF%9B%E6%9D%A5%E4%BB%A5%E5%90%8E%EF%BC%8C%E6%89%80%E9%9D%A2%E5%AF%B9%E7%9A%84%E8%BF%99%E6%A0%B7%E4%B8%80%E4%B8%AA%E5%B8%82%E5%9C%BA%EF%BC%8C%E4%BD%A0%E7%9A%84%E4%BA%BA%E5%8A%9B%E8%B5%84%E6%9C%AC%E6%88%90%E6%9C%AC%E6%98%AF%E9%9D%9E%E5%B8%B8%E4%B9%8B%E9%AB%98%E7%9A%84%EF%BC%8C%E8%80%8C%E4%B8%94%E4%BD%A0%E7%9A%84%E7%AB%9E%E4%BA%89%E5%AF%B9%E8%B1%A1%E4%B8%8D%E6%98%AF%E8%BF%87%E5%8E%BB%E7%9A%84%E5%AF%B9%E8%B1%A1%EF%BC%8C%E4%BD%A0%E6%9C%89%E4%BB%80%E4%B9%88%E6%A0%B7%E9%94%99%E4%BD%8D%E7%9A%84%E7%AB%9E%E4%BA%89%EF%BC%8C%E5%B7%AE%E5%BC%82%E5%8C%96%E7%9A%84%E7%AB%9E%E4%BA%89%EF%BC%8C%E8%BF%98%E6%9C%89%E4%BD%A0%E7%9A%84%E4%BC%98%E5%8A%BF%E5%9C%A8%E4%BB%80%E4%B9%88%E5%9C%B0%E6%96%B9%E3%80%82%E8%BF%99%E9%83%BD%E6%98%AF%E5%AD%98%E5%9C%A8%E5%BE%88%E5%A4%A7%E4%B8%8D%E7%A1%AE%E5%AE%9A%E6%80%A7%E7%9A%84%E3%80%82%E2%80%9D%3C%2Fspan%3E%3C%2Fp%3E%3Cp%3E%3Cspan%20style%3D%22color%3Argb(51%2C%2051%2C%2051)%3Bfont-size%3A10.5pt%3Bfont-family%3A%E5%AE%8B%E4%BD%93%3B%22%3E%E5%8F%A6%E5%A4%96%EF%BC%8C%E7%94%B1%E4%BA%8E%E4%B9%8B%E5%89%8D%E6%AF%8F%E6%AC%A1%E9%93%B6%E8%A1%8C%E5%87%BA%E4%BA%86%E9%A3%8E%E9%99%A9%EF%BC%8C%E9%83%BD%E6%98%AF%E8%B4%A2%E6%94%BF%E7%99%BE%E5%88%86%E4%B9%8B%E7%99%BE%E7%9A%84%E6%89%BF%E6%8B%85%EF%BC%8C%E8%BF%99%E6%AC%A1%E5%BE%88%E5%A4%9A%E4%BA%BA%E9%83%BD%E7%89%B9%E5%88%AB%E6%9C%9F%E5%BE%85%E4%BF%9D%E9%99%A9(%E6%94%BE%E5%BF%83%E4%BF%9D)%E5%88%B6%E5%BA%A6%E5%87%BA%E5%8F%B0%E3%80%82%E5%90%B4%E6%99%93%E7%81%B5%E8%A1%A8%E7%A4%BA%EF%BC%8C%E2%80%9C%E5%A4%A7%E5%AE%B6%E7%9F%A5%E9%81%93%E4%BB%8E%E6%89%93%E4%BF%9D%E9%99%A9%E5%88%B6%E5%BA%A6%E5%87%BA%E5%8F%B0%E4%B9%8B%E5%90%8E%E6%98%AF%E6%9C%89%E9%99%90%E8%B5%94%E4%BB%98%EF%BC%8C%E7%9B%AE%E5%89%8D%E7%9A%84%E6%94%BF%E7%AD%96%E5%87%BA%E5%8F%B0%E4%B9%8B%E5%90%8E%E5%AF%B9%E6%89%80%E6%9C%89%E7%9A%84%E6%9C%BA%E6%9E%84%E6%8A%95%E8%B5%84%E4%BA%BA%E5%92%8C%E4%B8%AA%E4%BA%BA%E9%83%BD%E6%98%AF%E5%85%AC%E5%B9%B3%E7%9A%84%E4%BA%86%E3%80%82%E8%BF%87%E5%8E%BB%E6%98%AF%E5%9B%BD%E5%AE%B6%E6%8B%BF%E9%92%B1%E7%99%BE%E5%88%86%E4%B9%8B%E7%99%BE%E5%85%91%E4%BB%98%E4%B8%AA%E4%BA%BA%E5%80%BA%E5%8A%A1%EF%BC%8C%E6%9C%BA%E6%9E%84%E5%80%BA%E5%8A%A1%E6%A0%B9%E6%9C%AC%E4%B8%8D%E7%AE%A1%EF%BC%8C%E5%9F%8E%E4%BF%A1%E7%A4%BE%E5%BD%93%E6%97%B680%E5%B9%B4%E4%BB%A3%E8%B0%81%E6%8E%A7%E5%88%B6%E9%83%BD%E5%8F%AF%E4%BB%A5%EF%BC%8C%E4%BD%86%E8%A6%81%E6%B1%82%E6%94%BF%E5%BA%9C%E6%8E%A7%E5%88%B625%25-30%25%EF%BC%8C%E4%B8%BA%E4%BB%80%E4%B9%88%EF%BC%9F%E5%B0%B1%E6%98%AF%E5%9B%A0%E4%B8%BA%E8%BF%99%E4%B8%AA%E2%80%9D%E3%80%82%26nbsp%3B%3C%2Fspan%3E%3Ca%20href%3D%22http%3A%2F%2Fwww.edai.com%2F%22%3E%3Cimg%20width%3D%2216%22%20height%3D%2216%22%20src%3D%22file%3A%2F%2F%2FC%3A%5CUsers%5CBryce%5CAppData%5CLocal%5CTemp%5Cksohtml%5Cwps_clip_image-21554.png%22%20alt%3D%22%22%20%2F%3E%3Cspan%20style%3D%22color%3Argb(0%2C%200%2C%20255)%3Bfont-size%3A10.5pt%3Bfont-family%3A%E5%AE%8B%E4%BD%93%3B%22%3E%26nbsp%3B%3C%2Fspan%3E%3Cspan%20style%3D%22color%3Argb(81%2C%20112%2C%20166)%3Bfont-size%3A10.5pt%3Bfont-family%3A%E5%AE%8B%E4%BD%93%3B%22%3E%E7%BC%BA%E9%92%B1%E5%B8%AE%E4%BD%A0%E8%B4%B7%E6%AC%BE%3C%2Fspan%3E%3C%2Fa%3E%3Ca%20href%3D%22http%3A%2F%2Fp2p.edai.com%2F%22%3E%3Cspan%20style%3D%22color%3Argb(0%2C%200%2C%20255)%3Bfont-size%3A10.5pt%3Bfont-family%3A%E5%AE%8B%E4%BD%93%3B%22%3E%26nbsp%3B%3C%2Fspan%3E%3Cspan%20style%3D%22color%3Argb(81%2C%20112%2C%20166)%3Bfont-size%3A10.5pt%3Bfont-family%3A%E5%AE%8B%E4%BD%93%3B%22%3E%E6%9C%89%E9%92%B1%E5%B8%AE%E4%BD%A0%E8%B5%9A%E9%92%B1%3C%2Fspan%3E%3C%2Fa%3E%3C%2Fp%3E%3Cp%3E%3Cspan%20style%3D%22font-size%3A10.5000pt%3Bfont-family%3A\'Times%20New%20Roman\'%3B%22%3E%26nbsp%3B%3C%2Fspan%3E%3C%2Fp%3E%3C%2Fdiv%3E%20%20%20%20%20%20%20%20','lender','小额贷款','2013-12-13 17:10:43'),(12,'测试乱码','%3Cdiv%3E%3Cp%3E%3Cspan%20style%3D%22color%3Argb(51%2C%2051%2C%2051)%3Bfont-size%3A10.5pt%3Bfont-family%3A%E5%AE%8B%E4%BD%93%3B%22%3E%3C%2Fspan%3E%3C%2Fp%3E%3Cp%20style%3D%22padding%3A%200px%3B%20margin%3A%2013px%200px%200px%3B%20border%3A%20none%3B%20line-height%3A%2026px%3B%20text-indent%3A%202em%3B%20color%3A%20rgb(51%2C%2051%2C%2051)%3B%20font-size%3A%2014px%3B%20font-family%3A%20%E5%AE%8B%E4%BD%93%2C%20\'Arial%20Narrow\'%2C%20HELVETICA%3B%22%3E%E2%80%9C%E6%94%AF%E4%BB%98%E5%AE%9D%E9%92%B1%E5%8C%85%EF%BC%8C%E4%BC%9A%E8%B5%9A%E9%92%B1%E7%9A%84%E9%92%B1%E5%8C%85%E2%80%A6%E2%80%A6%E4%BD%99%E9%A2%9D%E5%AE%9D%E7%B4%AF%E8%AE%A1%E6%94%B6%E7%9B%8A%E7%8E%87%E6%98%AF%E6%B4%BB%E6%9C%9F%E5%AD%98%E6%AC%BE%E7%9A%84%E8%BF%9114%E5%80%8D%E3%80%82%E2%80%9D%E8%BF%99%E6%A0%B7%E7%9A%84%E5%B9%BF%E5%91%8A%E6%98%AF%E4%B8%8D%E6%98%AF%E5%AD%98%E5%9C%A8%E4%B8%80%E4%BA%9B%E9%97%AE%E9%A2%98%EF%BC%9F%E5%9C%A82013%E5%A4%AE%E8%A7%86%E8%B4%A2%E7%BB%8F%E8%AE%BA%E5%9D%9B%E3%80%81%E5%A4%AE%E8%A7%86%E8%B4%A2%E7%BB%8F%E9%A2%91%E9%81%93%E4%B8%BB%E5%8A%9E%E3%80%81%E7%AC%AC%E5%8D%81%E5%9B%9B%E5%B1%8A%E4%B8%AD%E5%9B%BD%E7%BB%8F%E6%B5%8E%E5%B9%B4%E5%BA%A6%E4%BA%BA%E7%89%A9%E9%A2%81%E5%A5%96%E7%9B%9B%E5%85%B8%E4%B8%AD%EF%BC%8C%E6%95%B0%E4%BD%8D%E4%B8%93%E5%AE%B6%E5%81%9A%E5%87%BA%E4%BA%86%E8%82%AF%E5%AE%9A%E7%9A%84%E7%AD%94%E5%A4%8D%E3%80%82%3C%2Fp%3E%3Cp%20style%3D%22padding%3A%200px%3B%20margin%3A%2013px%200px%200px%3B%20border%3A%20none%3B%20line-height%3A%2026px%3B%20text-indent%3A%202em%3B%20color%3A%20rgb(51%2C%2051%2C%2051)%3B%20font-size%3A%2014px%3B%20font-family%3A%20%E5%AE%8B%E4%BD%93%2C%20\'Arial%20Narrow\'%2C%20HELVETICA%3B%22%3E%E5%85%A8%E5%9B%BD%E4%BA%BA%E5%A4%A7%E8%B4%A2%E7%BB%8F%E5%A7%94%E5%89%AF%E4%B8%BB%E4%BB%BB%E5%A7%94%E5%91%98%E6%B8%85%E5%8D%8E%E4%BA%94%E9%81%93%E5%8F%A3%E9%87%91%E8%9E%8D%E5%AD%A6%E9%99%A2%E9%99%A2%E9%95%BF%E5%90%B4%E6%99%93%E7%81%B5%E8%A1%A8%E7%A4%BA%EF%BC%8C%E2%80%9C%E5%83%8F%E4%BD%99%E9%A2%9D%E5%AE%9D%E8%BF%99%E6%A0%B7%E7%9A%84%E5%AE%A3%E4%BC%A0%E6%96%B9%E5%BC%8F%E7%A1%AE%E5%AE%9E%E6%9C%89%E8%BF%9D%E8%A7%84%E5%AB%8C%E7%96%91%E7%9A%84%E3%80%82%E4%BB%BB%E4%BD%95%E7%9A%84%3Ca%20href%3D%22http%3A%2F%2Fp2p.edai.com%2F%22%20class%3D%22blue%22%20target%3D%22_blank%22%20style%3D%22padding%3A%200px%3B%20margin%3A%200px%3B%20border%3A%20none%3B%20text-decoration%3A%20none%3B%20color%3A%20rgb(8%2C%2078%2C%20174)%3B%22%3E%E7%90%86%E8%B4%A2%3C%2Fa%3E%E4%BA%A7%E5%93%81%E9%83%BD%E7%BB%9D%E5%AF%B9%E4%B8%8D%E5%85%81%E8%AE%B8%E6%89%BF%E8%AF%BA%E5%9B%9E%E6%8A%A5%EF%BC%8C%E7%90%86%E8%B4%A2%E4%BA%A7%E5%93%81%E7%9A%84%E7%89%B9%E7%82%B9%E5%B0%B1%E6%98%AF%3Ca%20href%3D%22http%3A%2F%2Fp2p.edai.com%2F%22%20class%3D%22blue%22%20target%3D%22_blank%22%20style%3D%22padding%3A%200px%3B%20margin%3A%200px%3B%20border%3A%20none%3B%20text-decoration%3A%20none%3B%20color%3A%20rgb(8%2C%2078%2C%20174)%3B%22%3E%E6%8A%95%E8%B5%84%3C%2Fa%3E%E4%BA%BA%E6%89%BF%E6%8B%85%E9%A3%8E%E9%99%A9%EF%BC%8C%E7%84%B6%E5%90%8E%E4%BD%A0%E8%BF%98%E8%AF%B4%E5%87%BA%E4%BA%86%E4%B8%80%E5%B9%B4%E7%9A%84%E6%94%B6%E7%9B%8A%E7%8E%87%EF%BC%8C%E8%BF%99%E5%B0%B1%E7%AD%89%E4%BA%8E%E8%AF%B4%E5%A6%82%E6%9E%9C%E4%BB%8E%E6%9F%90%E7%A7%8D%E6%84%8F%E4%B9%89%E4%B8%8A%E6%9D%A5%E8%AF%B4%EF%BC%8C%E5%85%B6%E5%AE%9E%E5%9C%A8%E5%8F%98%E7%9B%B8%E5%90%B8%E6%94%B6%E5%AD%98%E6%AC%BE%E3%80%82%E5%AD%98%E6%AC%BE%E7%9A%84%E6%A6%82%E5%BF%B5%E6%89%8D%E6%98%AF%E4%BB%80%E4%B9%88%E5%91%A2%EF%BC%9F%E6%89%8D%E6%98%AF%E7%BB%99%E4%BD%A0%E4%B8%80%E4%B8%AA%E7%A1%AE%E5%AE%9A%E7%9A%84%E6%94%B6%E7%9B%8A%E7%8E%87%EF%BC%8C%E6%88%91%E5%AF%B9%E4%BD%A0%E8%B4%9F%E8%B4%A3%EF%BC%8C%E7%AD%89%E4%BA%8E%E6%88%91%E6%88%90%E4%BA%86%E5%80%BA%E4%B8%BB%EF%BC%8C%E6%88%91%E4%BB%AC%E6%98%AF%E5%80%BA%E6%9D%83%E4%BA%BA%EF%BC%8C%E6%88%91%E8%A7%89%E5%BE%97%E8%BF%99%E4%BA%9B%E5%85%B6%E5%AE%9E%E9%83%BD%E6%98%AF%E8%BF%9D%E8%A7%84%E7%9A%84%EF%BC%8C%E4%B8%8D%E7%AC%A6%E5%90%88%E9%A3%8E%E9%99%A9%E8%87%AA%E6%8B%85%E7%9A%84%E5%8E%9F%E5%88%99%E2%80%9D%E3%80%82%3C%2Fp%3E%3Cp%20style%3D%22padding%3A%200px%3B%20margin%3A%2013px%200px%200px%3B%20border%3A%20none%3B%20line-height%3A%2026px%3B%20text-indent%3A%202em%3B%20color%3A%20rgb(51%2C%2051%2C%2051)%3B%20font-size%3A%2014px%3B%20font-family%3A%20%E5%AE%8B%E4%BD%93%2C%20\'Arial%20Narrow\'%2C%20HELVETICA%3B%22%3E%E5%90%B4%E6%99%93%E7%81%B5%E7%9A%84%E8%BF%99%E4%B8%80%E8%A7%82%E7%82%B9%E5%BE%97%E5%88%B0%E4%BA%86%E5%8E%9F%E9%93%B6%E7%9B%91%E4%BC%9A%E5%B8%B8%E5%8A%A1%E5%89%AF%E4%B8%BB%E5%B8%AD%E8%94%A1%E9%84%82%E7%94%9F%E7%9A%84%E8%B5%9E%E5%90%8C%E3%80%82%E4%BA%8B%E5%AE%9E%E4%B8%8A%EF%BC%8C%E9%93%B6%E7%9B%91%E4%BC%9A%E6%9B%BE%E7%BB%8F%E5%8F%91%E6%96%87%E6%8C%87%E5%87%BA%EF%BC%8C%E6%97%A2%E7%84%B6%E6%98%AF%E7%90%86%E8%B4%A2%E4%BA%A7%E5%93%81%EF%BC%8C%E5%B0%B1%E4%B8%8D%E8%83%BD%E5%A4%9F%E6%89%BF%E8%AF%BA%E4%BF%9D%E5%BA%95%E6%94%B6%E7%9B%8A%EF%BC%8C%E6%9B%B4%E4%B8%8D%E8%83%BD%E6%89%BF%E8%AF%BA%E5%9B%BA%E5%AE%9A%E6%94%B6%E7%9B%8A%EF%BC%8C%E5%AE%83%E5%8F%AA%E8%83%BD%E5%83%8F%E4%BF%A1%E6%89%98%E4%B8%80%E6%A0%B7%EF%BC%8C%E6%9C%89%E4%B8%80%E4%B8%AA%E9%A2%84%E6%9C%9F%E6%94%B6%E7%9B%8A%EF%BC%8C%E5%8D%B3%E6%94%B6%E7%9B%8A%E7%9A%84%E9%A3%8E%E9%99%A9%E5%BD%93%E7%94%B1%E6%8A%95%E8%B5%84%E8%80%85%E8%87%AA%E8%B4%9F%E3%80%82%3C%2Fp%3E%3Cp%20style%3D%22padding%3A%200px%3B%20margin%3A%2013px%200px%200px%3B%20border%3A%20none%3B%20line-height%3A%2026px%3B%20text-indent%3A%202em%3B%20color%3A%20rgb(51%2C%2051%2C%2051)%3B%20font-size%3A%2014px%3B%20font-family%3A%20%E5%AE%8B%E4%BD%93%2C%20\'Arial%20Narrow\'%2C%20HELVETICA%3B%22%3E%E5%8E%9F%E5%B7%A5%E5%95%86%E9%93%B6%E8%A1%8C%E8%A1%8C%E9%95%BF%20%E6%9D%A8%E5%87%AF%E7%94%9F%E4%B9%9F%E8%A1%A8%E7%A4%BA%EF%BC%8C%E4%B8%80%E4%BA%9B%E5%B0%8F%E9%87%91%E8%9E%8D%E6%9C%BA%E6%9E%84%EF%BC%8C%E9%9D%9E%E9%93%B6%E8%A1%8C%E6%9C%BA%E6%9E%84%E5%9C%A8%E6%B6%89%E8%B6%B3%E9%87%91%E8%9E%8D%E4%B8%9A%E5%8A%A1%E7%9A%84%E6%97%B6%E5%80%99%EF%BC%8C%E4%B8%80%E5%BC%80%E5%A7%8B%E6%83%B3%E6%80%A5%E5%88%87%E5%9C%B0%E6%8B%93%E5%BC%80%E5%B8%82%E5%9C%BA%EF%BC%8C%E6%83%B3%E5%90%B8%E5%BC%95%E5%AE%A2%E6%88%B7%EF%BC%8C%E8%BF%99%E6%98%AF%E5%8F%AF%E4%BB%A5%E7%90%86%E8%A7%A3%E7%9A%84%EF%BC%8C%E5%9C%A8%E7%AB%8B%E6%B3%95%E5%90%88%E8%A7%84%E7%9A%84%E5%89%8D%E6%8F%90%E4%B8%8B%EF%BC%8C%E6%97%A2%E8%A6%81%E4%BF%9D%E9%9A%9C%E6%94%B6%E7%9B%8A%EF%BC%8C%E4%B9%9F%E8%A6%81%E5%85%B3%E6%B3%A8%E9%A3%8E%E9%99%A9%EF%BC%8C%E5%90%A6%E5%88%99%E6%98%AF%E4%B8%8D%E8%A1%8C%E7%9A%84%E3%80%82%3C%2Fp%3E%3Cp%20style%3D%22padding%3A%200px%3B%20margin%3A%2013px%200px%200px%3B%20border%3A%20none%3B%20line-height%3A%2026px%3B%20text-indent%3A%202em%3B%20color%3A%20rgb(51%2C%2051%2C%2051)%3B%20font-size%3A%2014px%3B%20font-family%3A%20%E5%AE%8B%E4%BD%93%2C%20\'Arial%20Narrow\'%2C%20HELVETICA%3B%22%3E%E4%BB%96%E8%AE%A4%E4%B8%BA%EF%BC%8C%E5%9C%A8%E9%93%B6%E8%A1%8C%E4%B8%9A%E7%9A%84%E7%90%86%E8%B4%A2%E5%8D%8F%E8%AE%AE%E4%B8%8A%EF%BC%8C%E6%8A%8A%E9%A3%8E%E9%99%A9%E9%83%BD%E5%86%99%E6%B8%85%E6%A5%9A%E7%9A%84%EF%BC%8C%E7%94%9A%E8%87%B3%E8%A6%81%E8%AE%A9%E5%AE%A2%E6%88%B7%E8%87%AA%E5%B7%B1%E6%8A%84%E4%B8%80%E9%81%8D%EF%BC%8C%E4%BB%A5%E4%BF%9D%E8%AF%81%E7%A1%AE%E5%AE%9E%E6%98%AF%E4%BA%86%E8%A7%A3%E4%BA%86%E3%80%82%E2%80%9C%E5%B0%B1%E5%83%8F%E7%8E%B0%E5%9C%A8%E9%A6%99%E7%83%9F%E7%9A%84%E5%B9%BF%E5%91%8A%E6%98%AF%E7%A6%81%E6%AD%A2%E5%81%9A%E7%9A%84%EF%BC%8C%E9%A6%99%E7%83%9F%E7%9B%92%E4%B8%8A%E5%BF%85%E9%A1%BB%E5%8D%B0%E4%B8%8A%E5%90%B8%E7%83%9F%E6%9C%89%E5%AE%B3%E5%81%A5%E5%BA%B7%EF%BC%8C%E5%A6%82%E6%9E%9C%E8%AF%B4%E9%A6%99%E7%83%9F%E6%80%8E%E4%B9%88%E6%80%8E%E4%B9%88%E9%A6%99%E3%80%81%E6%80%8E%E4%B9%88%E6%80%8E%E4%B9%88%E6%8F%90%E7%A5%9E%EF%BC%8C%E8%BF%99%E5%B0%B1%E6%9C%89%E9%97%AE%E9%A2%98%E4%BA%86%E3%80%82%E5%9C%A8%E5%AE%A3%E4%BC%A0%E5%A5%BD%E5%A4%84%E7%9A%84%E6%97%B6%E5%80%99%E8%A6%81%E6%8F%AD%E7%A4%BA%E9%A3%8E%E9%99%A9%EF%BC%8C%E8%BF%99%E6%A0%B7%E6%89%8D%E6%98%AF%E4%BE%9D%E6%B3%95%E5%90%88%E8%A7%84%EF%BC%8C%E5%90%A6%E5%88%99%E5%B0%B1%E4%B9%B1%E4%BA%86%E3%80%82%E8%BF%99%E6%A0%B7%E7%9A%84%E5%B9%BF%E5%91%8A%EF%BC%8C%E8%A7%84%E8%8C%83%E7%9A%84%E9%93%B6%E8%A1%8C%E8%BF%98%E6%B2%A1%E6%9C%89%E5%81%9A%E8%BF%99%E6%A0%B7%E7%9A%84%E5%B9%BF%E5%91%8A%E2%80%9D%E3%80%82%3C%2Fp%3E%3Cp%20style%3D%22padding%3A%200px%3B%20margin%3A%2013px%200px%200px%3B%20border%3A%20none%3B%20line-height%3A%2026px%3B%20text-indent%3A%202em%3B%20color%3A%20rgb(51%2C%2051%2C%2051)%3B%20font-size%3A%2014px%3B%20font-family%3A%20%E5%AE%8B%E4%BD%93%2C%20\'Arial%20Narrow\'%2C%20HELVETICA%3B%22%3E%E2%80%9C%E6%94%AF%E4%BB%98%E5%AE%9D%E4%B8%8D%E5%85%89%E6%98%AF%E7%9C%8B%E5%B9%B4%E5%8C%96%E7%9A%844.87%E3%80%82%E5%90%8E%E5%A4%B4%E9%82%A3%E5%8F%A5%E8%AF%9D%E6%9B%B4%E5%90%B8%E5%BC%95%E7%9C%BC%E7%90%83%EF%BC%8C%E8%AF%B4%E6%98%AF%E6%B4%BB%E6%9C%9F%E5%AD%98%E6%AC%BE%E7%9A%84%E8%BF%9114%E5%80%8D%E2%80%9D%E3%80%82%E5%90%B4%E6%99%93%E7%81%B5%E6%8E%A5%E7%9D%80%E8%A1%A8%E7%A4%BA%EF%BC%8C%E8%BF%99%E6%A0%B7%E7%9A%84%E6%AF%94%E8%BE%83%E5%A4%A7%E7%9A%84%E8%AF%9D%E4%B8%8D%E8%83%BD%E8%BD%BB%E6%98%93%E8%AF%B4%E3%80%82%E2%80%9C%E4%BA%BA%E5%8A%9E%E4%BA%8B%E8%A6%81%E7%95%99%E7%82%B9%E5%84%BF%E4%BD%99%E5%9C%B0%EF%BC%8C%E5%AF%B9%E4%B8%8D%E5%AF%B9%EF%BC%9F%E2%80%9D%3C%2Fp%3E%3Cp%20style%3D%22padding%3A%200px%3B%20margin%3A%2013px%200px%200px%3B%20border%3A%20none%3B%20line-height%3A%2026px%3B%20text-indent%3A%202em%3B%20color%3A%20rgb(51%2C%2051%2C%2051)%3B%20font-size%3A%2014px%3B%20font-family%3A%20%E5%AE%8B%E4%BD%93%2C%20\'Arial%20Narrow\'%2C%20HELVETICA%3B%22%3E%E5%AF%B9%E4%BA%8E%E5%BD%93%E5%89%8D%E7%9A%84%E6%B0%91%E8%90%A5%E8%B5%84%E6%9C%AC%E8%BF%9B%E5%86%9B%E9%87%91%E8%9E%8D%E8%A1%8C%E4%B8%9A%E7%9A%84%E7%83%AD%E6%BD%AE%EF%BC%8C%E6%95%B0%E4%BD%8D%E5%8F%82%E5%8A%A0%E8%AE%BA%E5%9D%9B%E7%9A%84%E4%B8%93%E5%AE%B6%E4%B9%9F%E9%83%BD%E6%B3%BC%E4%BA%86%E4%B8%80%E4%BA%9B%E5%86%B7%E6%B0%B4%EF%BC%8C%E6%9D%A8%E5%87%AF%E7%94%9F%E8%AE%A4%E4%B8%BA%EF%BC%8C%E5%BE%88%E5%A4%9A%E4%BA%BA%E6%80%BB%E4%BB%A5%E4%B8%BA%E5%BC%80%E9%93%B6%E8%A1%8C%E5%88%A9%E6%B6%A6%E9%AB%98%EF%BC%8C%E5%85%B6%E5%AE%9E%E6%98%AF%E5%AD%98%E5%9C%A8%E7%9D%80%E8%AF%AF%E5%8C%BA%E3%80%82%E6%9D%A8%E5%87%AF%E7%94%9F%E7%94%A8%E6%95%B0%E6%8D%AE%E6%9D%A5%E6%8F%AD%E7%A4%BA%E8%BF%99%E7%82%B9%EF%BC%8C%E4%BB%96%E6%8C%87%E5%87%BA%EF%BC%8C%E6%88%91%E5%9B%BD%E7%9A%84%E8%A7%84%E6%A8%A1%E4%BB%A5%E4%B8%8A%E5%B7%A5%E4%B8%9A%E4%BC%81%E4%B8%9A%E8%B5%84%E4%BA%A7%E5%9B%9E%E6%8A%A5%E7%8E%87%E6%98%AF7%25%EF%BC%8C%E8%80%8C%E7%9B%B8%E6%AF%94%E4%B9%8B%E4%B8%8B%EF%BC%8C%E6%88%91%E5%9B%BD%E7%9A%84%E9%93%B6%E8%A1%8C%E4%B8%9A%E7%9A%84%E8%B5%84%E4%BA%A7%E5%9B%9E%E6%8A%A5%E7%8E%87%E6%98%AF6.3%25%EF%BC%8C%E5%9C%A8%E5%90%8C%E6%A0%B7%E7%9A%84%E6%97%B6%E9%97%B4%E7%82%B9%E4%B8%8A%EF%BC%8C%E9%93%B6%E8%A1%8C%E8%B5%84%E4%BA%A7%E5%9B%9E%E6%8A%A5%E7%8E%87%E6%98%8E%E6%98%BE%E4%BD%8E%E4%BA%8E%E5%B7%A5%E4%B8%9A%E4%BC%81%E4%B8%9A%E3%80%82%E6%89%80%E4%BB%A5%EF%BC%8C%E4%BB%96%E6%8C%87%E5%87%BA%EF%BC%8C%E9%93%B6%E8%A1%8C%E4%B8%9A%E8%B5%9A%E9%92%B1%E5%A4%9A%E4%B8%8D%E6%98%AF%E7%94%B1%E4%BA%8E%E5%AE%83%E7%9A%84%E5%88%A9%E6%B6%A6%E9%AB%98%EF%BC%8C%E8%80%8C%E6%98%AF%E7%94%B1%E4%BA%8E%E5%AE%83%E7%9A%84%E8%A7%84%E6%A8%A1%E5%A4%A7%E3%80%82%E8%A6%81%E5%8A%9E%E9%93%B6%E8%A1%8C%E6%83%B3%E8%B5%9A%E9%92%B1%EF%BC%8C%E8%A7%84%E6%A8%A1%E5%B0%B1%E5%BF%85%E9%A1%BB%E8%A6%81%E5%A4%A7%E4%B8%80%E4%BA%9B%EF%BC%8C%E4%B9%9F%E5%B0%B1%E6%98%AF%E8%AF%B4%E5%BF%85%E9%A1%BB%E8%A6%81%E6%9C%89%E6%AF%94%E8%BE%83%E5%A4%A7%E7%9A%84%E8%B5%84%E6%9C%AC%E3%80%82%3C%2Fp%3E%3Cp%20style%3D%22padding%3A%200px%3B%20margin%3A%2013px%200px%200px%3B%20border%3A%20none%3B%20line-height%3A%2026px%3B%20text-indent%3A%202em%3B%20color%3A%20rgb(51%2C%2051%2C%2051)%3B%20font-size%3A%2014px%3B%20font-family%3A%20%E5%AE%8B%E4%BD%93%2C%20\'Arial%20Narrow\'%2C%20HELVETICA%3B%22%3E%E5%90%B4%E6%99%93%E7%81%B5%E5%88%99%E8%AE%A4%E4%B8%BA%EF%BC%8C%E5%BD%93%E5%89%8D%E6%B0%91%E8%90%A5%E8%B5%84%E6%9C%AC%E8%BF%9B%E5%85%A5%E9%93%B6%E8%A1%8C%E7%9A%84%E6%9C%BA%E9%81%87%E5%B9%B6%E4%B8%8D%E6%98%AF%E7%89%B9%E5%88%AB%E5%A5%BD%E3%80%82%E2%80%9C%E9%93%B6%E8%A1%8C%E8%AE%BE%E7%AB%8B%E7%A1%AE%E5%AE%9E%E6%AF%94%E5%8E%9F%E6%9D%A5%E6%9B%B4%E5%AE%B9%E6%98%93%E4%BA%86%EF%BC%8C%E4%BD%86%E5%B8%82%E5%9C%BA%E7%8E%AF%E5%A2%83%E5%AF%B9%E6%B0%91%E9%97%B4%E8%B5%84%E6%9C%AC%E8%BF%9B%E5%85%A5%E9%87%91%E8%9E%8D%E4%B8%9A%E6%9B%B4%E6%AE%8B%E9%85%B7%E4%BA%86%E3%80%82%E4%BB%A5%E5%89%8D%E5%9B%BD%E6%9C%89%E5%95%86%E4%B8%9A%E9%93%B6%E8%A1%8C%EF%BC%8C%E5%8F%AB%E5%9B%BD%E6%9C%89%E5%8A%A0%E4%B8%93%E6%9C%89%E9%93%B6%E8%A1%8C%EF%BC%8C%E4%BB%96%E4%BB%AC%E6%B2%A1%E6%9C%89%E9%82%A3%E4%B9%88%E5%A4%A7%E7%9A%84%E5%B8%82%E5%9C%BA%E6%B4%BB%E5%8A%9B%EF%BC%8C%E4%BB%96%E4%BB%AC%E7%9A%84%E8%87%AA%E4%B8%BB%E7%BB%93%E6%9E%84%E7%BB%8F%E8%90%A5%E6%B0%B4%E5%B9%B3%E9%83%BD%E6%AF%94%E8%BE%83%E8%90%BD%E5%90%8E%EF%BC%8C%E4%BD%86%E6%97%B6%E8%87%B3%E4%BB%8A%E6%97%A5%E5%90%84%E5%95%86%E4%B8%9A%E9%93%B6%E8%A1%8C%E9%83%BD%E6%88%90%E4%BA%86%E4%B8%8A%E5%B8%82%E9%93%B6%E8%A1%8C%EF%BC%8C%E8%BF%98%E6%9C%89%E5%BE%88%E5%A4%9A%E8%82%A1%E4%BB%BD%E5%88%B6%E5%95%86%E4%B8%9A%E9%93%B6%E8%A1%8C%EF%BC%8C%E5%9B%A0%E6%AD%A4%E5%9C%A8%E7%BB%8F%E8%90%A5%E7%AE%A1%E7%90%86%E3%80%81%E7%AB%9E%E4%BA%89%E6%B0%B4%E5%B9%B3%E6%96%B9%E9%9D%A2%E9%83%BD%E6%9C%89%E4%BA%86%E6%9E%81%E5%A4%A7%E7%9A%84%E6%8F%90%E9%AB%98%EF%BC%8C%E6%89%80%E4%BB%A5%E6%AD%A4%E6%97%B6%E8%BF%9B%E5%85%A5%E5%88%B0%E9%87%91%E8%9E%8D%E4%B8%9A%E6%9D%A5%EF%BC%8C%E4%B8%8D%E5%83%8F%E5%A4%A7%E5%AE%B6%E5%9C%A8%E5%A4%96%E9%9D%A2%E7%9C%8B%E7%9A%84%EF%BC%8C%E4%BB%A5%E4%B8%BA%E9%87%91%E8%9E%8D%E4%B8%9A%E8%B5%9A%E9%92%B1%E5%A4%9A%E5%AE%B9%E6%98%93%E3%80%81%E6%8C%A3%E9%92%B1%E5%BE%88%E5%A4%9A%EF%BC%8C%E6%B0%91%E8%90%A5%E8%B5%84%E6%9C%AC%E4%B8%8D%E8%A6%81%E4%BB%A5%E4%B8%BA%E5%85%81%E8%AE%B8%E4%B8%BB%E5%8A%A8%E5%8F%91%E8%B5%B7%E8%BF%99%E4%BB%B6%E4%BA%8B%E4%BA%86%E5%B0%B1%E5%BE%88%E5%85%B4%E5%A5%8B%EF%BC%8C%E8%AF%B4%E4%B8%8D%E5%AE%9A%E8%BF%9B%E6%9D%A5%E7%9A%84%E6%97%B6%E5%80%99%E7%9C%8B%E7%AB%9E%E4%BA%89%E7%9A%84%E7%8E%AF%E5%A2%83%E6%98%AF%E6%AF%94%E8%BF%87%E5%8E%BB%E6%9B%B4%E6%AE%8B%E9%85%B7%E4%BA%86%E2%80%9D%E3%80%82%3C%2Fp%3E%3Cp%20style%3D%22padding%3A%200px%3B%20margin%3A%2013px%200px%200px%3B%20border%3A%20none%3B%20line-height%3A%2026px%3B%20text-indent%3A%202em%3B%20color%3A%20rgb(51%2C%2051%2C%2051)%3B%20font-size%3A%2014px%3B%20font-family%3A%20%E5%AE%8B%E4%BD%93%2C%20\'Arial%20Narrow\'%2C%20HELVETICA%3B%22%3E%E2%80%9C%E4%BD%A0%E8%BF%9B%E6%9D%A5%E4%BB%A5%E5%90%8E%EF%BC%8C%E6%89%80%E9%9D%A2%E5%AF%B9%E7%9A%84%E8%BF%99%E6%A0%B7%E4%B8%80%E4%B8%AA%E5%B8%82%E5%9C%BA%EF%BC%8C%E4%BD%A0%E7%9A%84%E4%BA%BA%E5%8A%9B%E8%B5%84%E6%9C%AC%E6%88%90%E6%9C%AC%E6%98%AF%E9%9D%9E%E5%B8%B8%E4%B9%8B%E9%AB%98%E7%9A%84%EF%BC%8C%E8%80%8C%E4%B8%94%E4%BD%A0%E7%9A%84%E7%AB%9E%E4%BA%89%E5%AF%B9%E8%B1%A1%E4%B8%8D%E6%98%AF%E8%BF%87%E5%8E%BB%E7%9A%84%E5%AF%B9%E8%B1%A1%EF%BC%8C%E4%BD%A0%E6%9C%89%E4%BB%80%E4%B9%88%E6%A0%B7%E9%94%99%E4%BD%8D%E7%9A%84%E7%AB%9E%E4%BA%89%EF%BC%8C%E5%B7%AE%E5%BC%82%E5%8C%96%E7%9A%84%E7%AB%9E%E4%BA%89%EF%BC%8C%E8%BF%98%E6%9C%89%E4%BD%A0%E7%9A%84%E4%BC%98%E5%8A%BF%E5%9C%A8%E4%BB%80%E4%B9%88%E5%9C%B0%E6%96%B9%E3%80%82%E8%BF%99%E9%83%BD%E6%98%AF%E5%AD%98%E5%9C%A8%E5%BE%88%E5%A4%A7%E4%B8%8D%E7%A1%AE%E5%AE%9A%E6%80%A7%E7%9A%84%E3%80%82%E2%80%9D%3C%2Fp%3E%3Cp%20style%3D%22padding%3A%200px%3B%20margin%3A%2013px%200px%200px%3B%20border%3A%20none%3B%20line-height%3A%2026px%3B%20text-indent%3A%202em%3B%20color%3A%20rgb(51%2C%2051%2C%2051)%3B%20font-size%3A%2014px%3B%20font-family%3A%20%E5%AE%8B%E4%BD%93%2C%20\'Arial%20Narrow\'%2C%20HELVETICA%3B%22%3E%E5%8F%A6%E5%A4%96%EF%BC%8C%E7%94%B1%E4%BA%8E%E4%B9%8B%E5%89%8D%E6%AF%8F%E6%AC%A1%E9%93%B6%E8%A1%8C%E5%87%BA%E4%BA%86%E9%A3%8E%E9%99%A9%EF%BC%8C%E9%83%BD%E6%98%AF%E8%B4%A2%E6%94%BF%E7%99%BE%E5%88%86%E4%B9%8B%E7%99%BE%E7%9A%84%E6%89%BF%E6%8B%85%EF%BC%8C%E8%BF%99%E6%AC%A1%E5%BE%88%E5%A4%9A%E4%BA%BA%E9%83%BD%E7%89%B9%E5%88%AB%E6%9C%9F%E5%BE%85%E4%BF%9D%E9%99%A9(%E6%94%BE%E5%BF%83%E4%BF%9D)%E5%88%B6%E5%BA%A6%E5%87%BA%E5%8F%B0%E3%80%82%E5%90%B4%E6%99%93%E7%81%B5%E8%A1%A8%E7%A4%BA%EF%BC%8C%E2%80%9C%E5%A4%A7%E5%AE%B6%E7%9F%A5%E9%81%93%E4%BB%8E%E6%89%93%E4%BF%9D%E9%99%A9%E5%88%B6%E5%BA%A6%E5%87%BA%E5%8F%B0%E4%B9%8B%E5%90%8E%E6%98%AF%E6%9C%89%E9%99%90%E8%B5%94%E4%BB%98%EF%BC%8C%E7%9B%AE%E5%89%8D%E7%9A%84%E6%94%BF%E7%AD%96%E5%87%BA%E5%8F%B0%E4%B9%8B%E5%90%8E%E5%AF%B9%E6%89%80%E6%9C%89%E7%9A%84%E6%9C%BA%E6%9E%84%E6%8A%95%E8%B5%84%E4%BA%BA%E5%92%8C%E4%B8%AA%E4%BA%BA%E9%83%BD%E6%98%AF%E5%85%AC%E5%B9%B3%E7%9A%84%E4%BA%86%E3%80%82%E8%BF%87%E5%8E%BB%E6%98%AF%E5%9B%BD%E5%AE%B6%E6%8B%BF%E9%92%B1%E7%99%BE%E5%88%86%E4%B9%8B%E7%99%BE%E5%85%91%E4%BB%98%E4%B8%AA%E4%BA%BA%E5%80%BA%E5%8A%A1%EF%BC%8C%E6%9C%BA%E6%9E%84%E5%80%BA%E5%8A%A1%E6%A0%B9%E6%9C%AC%E4%B8%8D%E7%AE%A1%EF%BC%8C%E5%9F%8E%E4%BF%A1%E7%A4%BE%E5%BD%93%E6%97%B680%E5%B9%B4%E4%BB%A3%E8%B0%81%E6%8E%A7%E5%88%B6%E9%83%BD%E5%8F%AF%E4%BB%A5%EF%BC%8C%E4%BD%86%E8%A6%81%E6%B1%82%E6%94%BF%E5%BA%9C%E6%8E%A7%E5%88%B625%25-30%25%EF%BC%8C%E4%B8%BA%E4%BB%80%E4%B9%88%EF%BC%9F%E5%B0%B1%E6%98%AF%E5%9B%A0%E4%B8%BA%E8%BF%99%E4%B8%AA%E2%80%9D%E3%80%82%26nbsp%3B%3Ca%20href%3D%22http%3A%2F%2Fwww.edai.com%2F%22%20target%3D%22_blank%22%20title%3D%22%E7%82%B9%E5%87%BB%E5%8E%BB%E8%B4%B7%E6%AC%BE%22%20style%3D%22padding%3A%200px%3B%20margin%3A%200px%3B%20border%3A%20none%3B%20text-decoration%3A%20none%3B%20color%3A%20rgb(68%2C%2068%2C%2068)%3B%22%3E%3Cimg%20src%3D%22http%3A%2F%2Fwww.edai.com%2Fedai2%2FResource%2Fimages%2Fnews%2Ficon-16.png%22%20style%3D%22padding%3A%200px%3B%20margin%3A%200px%3B%20border%3A%20none%3B%20position%3A%20relative%3B%20top%3A%203px%3B%22%20alt%3D%22%22%20%2F%3E%26nbsp%3B%3Cspan%20style%3D%22padding%3A%200px%3B%20margin%3A%200px%3B%20border%3A%20none%3B%20color%3A%20rgb(81%2C%20112%2C%20166)%3B%22%3E%E7%BC%BA%E9%92%B1%E5%B8%AE%E4%BD%A0%E8%B4%B7%E6%AC%BE%3C%2Fspan%3E%3C%2Fa%3E%3Ca%20href%3D%22http%3A%2F%2Fp2p.edai.com%2F%22%20target%3D%22_blank%22%20title%3D%22%E7%82%B9%E5%87%BB%E5%8E%BB%E7%90%86%E8%B4%A2%22%20style%3D%22padding%3A%200px%3B%20margin%3A%200px%3B%20border%3A%20none%3B%20text-decoration%3A%20none%3B%20color%3A%20rgb(68%2C%2068%2C%2068)%3B%22%3E%26nbsp%3B%3Cspan%20style%3D%22padding%3A%200px%3B%20margin%3A%200px%3B%20border%3A%20none%3B%20color%3A%20rgb(81%2C%20112%2C%20166)%3B%22%3E%E6%9C%89%E9%92%B1%E5%B8%AE%E4%BD%A0%E8%B5%9A%E9%92%B1%3C%2Fspan%3E%3C%2Fa%3E%3C%2Fp%3E%3Cp%3E%3Cspan%20style%3D%22font-size%3A10.5000pt%3Bfont-family%3A\'Times%20New%20Roman\'%3B%22%3E%3C%2Fspan%3E%3C%2Fp%3E%3C%2Fdiv%3E%20%20%20%20%20%20%20%20','lender','小额贷款','2013-12-13 19:22:51');
/*!40000 ALTER TABLE `news` ENABLE KEYS */;
UNLOCK TABLES;

--
-- Table structure for table `product`
--

DROP TABLE IF EXISTS `PRODUCT`;
/*!40101 SET @saved_cs_client     = @@character_set_client */;
/*!40101 SET character_set_client = utf8 */;
CREATE TABLE `PRODUCT` (
  `ID` bigint(20) NOT NULL,
  `POSTER` varchar(255) DEFAULT NULL,
  `MALL` bigint(20) DEFAULT NULL,
  `PNAME` varchar(255) DEFAULT NULL,
  `MAX` int(11) DEFAULT NULL,
  `MIN` int(11) DEFAULT NULL,
  `RATETYPE` varchar(255) DEFAULT NULL,
  `RATE` float DEFAULT NULL,
  `STARTTIME` datetime DEFAULT NULL,
  `ENDTIME` datetime DEFAULT NULL,
  `CLIENTLOCATION` varchar(255) DEFAULT NULL,
  `CLIENT` varchar(255) DEFAULT NULL,
  `REPAYMENTMETHOD` varchar(255) DEFAULT NULL,
  `PTYPE` varchar(255) DEFAULT NULL,
  `USESOFLOAN` varchar(255) DEFAULT NULL,
  `CONTENT` text,
  `PROCESSES` text,
  `APPLICATION` text,
  `FAQ` text,
  `POSTDATE` datetime DEFAULT NULL,
  `VERIFY` int(11) DEFAULT NULL,
  PRIMARY KEY (`ID`),
  KEY `FK185958CFA56422A9` (`POSTER`),
  KEY `FK185958CFD88D0D88` (`MALL`),
  CONSTRAINT `FK185958CFA56422A9` FOREIGN KEY (`POSTER`) REFERENCES `userdetail` (`USERNAME`),
  CONSTRAINT `FK185958CFD88D0D88` FOREIGN KEY (`MALL`) REFERENCES `mall` (`ID`)
) ENGINE=InnoDB DEFAULT CHARSET=utf8;
/*!40101 SET character_set_client = @saved_cs_client */;

--
-- Dumping data for table `product`
--

LOCK TABLES `PRODUCT` WRITE;
/*!40000 ALTER TABLE `product` DISABLE KEYS */;
INSERT INTO `PRODUCT` VALUES (3,'lender2',1,'%E5%A4%A9%E6%A2%ADTISSOT%20Classic1',1,0,'面议',0.1,'2012-08-22 08:00:00','2013-08-23 08:00:00','北京海淀',NULL,NULL,'面议','短期周转贷款','content','processes','application','faq','2013-08-24 10:37:03',-1),(4,'lender3',1,'天梭TISSOT Classic',2,1,'rateType',0,'2012-08-22 08:00:00','2013-08-23 08:00:00','location','client','method','pType','usesofloan','content','processes','application','faq','2013-08-24 10:37:03',1),(5,'lender4',1,'天梭TISSOT Classic',3,1,'rateType',0,'2012-08-22 08:00:00','2013-08-23 08:00:00','location','client','method','pType','usesofloan','content','processes','application','faq','2013-08-24 10:37:03',1),(6,'lender5',1,'天梭TISSOT Classic',4,1,'rateType',0,'2012-08-22 08:00:00','2013-08-23 08:00:00','location','client','method','pType','usesofloan','content','processes','application','faq','2013-08-24 10:37:03',1),(7,'lender6',1,'天梭TISSOT Classic',5,1,'rateType',0,'2012-08-22 08:00:00','2013-08-23 08:00:00','location','client','method','pType','usesofloan','content','processes','application','faq','2013-08-23 08:00:00',1),(8,'lender7',1,'天梭TISSOT Classic',6,1,'rateType',0,'2012-08-22 08:00:00','2013-08-23 08:00:00','location','client','method','pType','usesofloan','content','processes','application','faq','2013-08-23 08:00:00',1),(9,'lender8',1,'天梭TISSOT Classic',7,1,'rateType',0,'2012-08-22 08:00:00','2013-08-23 08:00:00','location','client','method','pType','usesofloan','content','processes','application','faq','2013-08-23 08:00:00',1),(10,'lender9',1,'天梭TISSOT Classic',8,1,'rateType',0,'2012-08-22 08:00:00','2013-08-23 08:00:00','location','client','method','pType','usesofloan','content','processes','application','faq','2013-08-23 08:00:00',1),(11,'lender10',1,'11',1,1,'reate',1,'2012-08-22 08:00:00','2013-08-23 08:00:00','福建福州','client',NULL,'null','null','','','','','2013-08-23 08:00:00',1),(12,'lender11',1,'天梭TISSOT Classic',1,1,'rateType',0,'2012-08-22 08:00:00','2013-08-23 08:00:00','location','client','method','pType','usesofloan','content','processes','application','faq','2013-08-24 10:37:03',1),(13,'lender',1,'fdsa',20,1,'[object Object]',0.1,'2013-12-03 08:00:00','2020-04-07 08:00:00','广东广州',NULL,NULL,'面议','null','','','','','2013-12-15 18:51:15',-1),(14,'lender',1,'fdsa',20,1,'[object Object]',0.1,'2013-12-03 08:00:00','2020-04-07 08:00:00','广东广州',NULL,NULL,'面议','null','','','','','2013-12-15 18:51:15',-1),(15,'lender',1,'gf',20,1,'面议',0.1,'2013-12-03 08:00:00','2020-04-07 08:00:00','广东广州',NULL,NULL,'面议','null','','','','','2013-12-15 18:51:15',-1),(16,'lender',1,'test%20time',20,1,'面议',0.1,'2013-12-03 08:00:00','2020-04-07 08:00:00','广东广州',NULL,NULL,'面议','null','','','','','2013-12-15 18:51:15',-1);
/*!40000 ALTER TABLE `product` ENABLE KEYS */;
UNLOCK TABLES;

--
-- Table structure for table `question`
--

DROP TABLE IF EXISTS `QUESTION`;
/*!40101 SET @saved_cs_client     = @@character_set_client */;
/*!40101 SET character_set_client = utf8 */;
CREATE TABLE `QUESTION` (
  `ID` bigint(20) NOT NULL,
  `POSTER` varchar(255) DEFAULT NULL,
  `TITLE` varchar(255) DEFAULT NULL,
  `CONTENT` varchar(255) DEFAULT NULL,
  `CLASSES` varchar(255) DEFAULT NULL,
  `POSTDATE` datetime DEFAULT NULL,
  `VERIFY` int(11) DEFAULT NULL,
  `BEST` int(11) DEFAULT NULL,
  PRIMARY KEY (`ID`),
  KEY `FKE9282BE6A56422A9` (`POSTER`),
  CONSTRAINT `FKE9282BE6A56422A9` FOREIGN KEY (`POSTER`) REFERENCES `USERDETAIL` (`USERNAME`)
) ENGINE=InnoDB DEFAULT CHARSET=utf8;
/*!40101 SET character_set_client = @saved_cs_client */;

--
-- Dumping data for table `question`
--

LOCK TABLES `QUESTION` WRITE;
/*!40000 ALTER TABLE `QUESTION` DISABLE KEYS */;
INSERT INTO `QUESTION` VALUES (1,'loaner','生源地助学贷款常见问题解答1','据悉，从7月22日起，如皋市学生资助中心开始接受2013年国开行生源地信用助学贷','classes','2013-08-24 10:35:07',1,-1),(2,'loaner','生源地助学贷款常见问题解答1','据悉，从7月22日起，如皋市学生资助中心开始接受2013年国开行生源地信用助学贷','classes','2013-08-24 10:37:03',1,-1),(3,'loaner','123','据悉，从7月22日起，如皋市学生资助中心开始接受2013年国开行生源地信用助学贷','classes','2013-08-24 11:14:11',1,3),(4,'loaner','生源地助学贷款常见问题解答1','据悉，从7月22日起，如皋市学生资助中心开始接受2013年国开行生源地信用助学贷','classes','2013-08-24 11:14:11',1,3),(5,'loaner','生源地助学贷款常见问题解答1','据悉，从7月22日起，如皋市学生资助中心开始接受2013年国开行生源地信用助学贷','classes','2013-08-24 11:14:11',1,3),(6,NULL,NULL,NULL,NULL,'2013-08-26 21:33:58',-1,-1),(7,NULL,NULL,NULL,NULL,'2013-08-26 21:34:44',-1,-1),(8,NULL,NULL,NULL,NULL,'2013-08-26 21:35:07',-1,-1),(9,NULL,NULL,NULL,NULL,'2013-08-26 21:35:37',-1,-1),(10,'loaner','1+1等于几','你们知道么？','青帝网帮助其它问题','2013-08-26 21:38:19',1,1),(11,'lender','中文乱码怎么解决','求指导','个人贷款创业贷款','2013-11-25 23:48:09',1,-1),(12,'lender','中文乱码怎么解决','郁闷','个人贷款创业贷款','2013-11-25 23:48:59',1,-1),(13,'lender','415是什么错？','请问？','个人贷款创业贷款','2013-11-27 15:04:23',1,-1);
/*!40000 ALTER TABLE `question` ENABLE KEYS */;
UNLOCK TABLES;

--
-- Table structure for table `score`
--

DROP TABLE IF EXISTS `SCORE`;
/*!40101 SET @saved_cs_client     = @@character_set_client */;
/*!40101 SET character_set_client = utf8 */;
CREATE TABLE `SCORE` (
  `ID` bigint(20) NOT NULL,
  `POSTER` varchar(255) DEFAULT NULL,
  `SCORE` int(11) DEFAULT NULL,
  `QUESTION` bigint(20) NOT NULL,
  PRIMARY KEY (`ID`),
  KEY `FK4B14672A56422A9` (`POSTER`),
  KEY `FK4B14672F50BC92C` (`QUESTION`),
  CONSTRAINT `FK4B14672A56422A9` FOREIGN KEY (`POSTER`) REFERENCES `USERDETAIL` (`USERNAME`),
  CONSTRAINT `FK4B14672F50BC92C` FOREIGN KEY (`QUESTION`) REFERENCES `QUESTION` (`ID`)
) ENGINE=InnoDB DEFAULT CHARSET=utf8;
/*!40101 SET character_set_client = @saved_cs_client */;

--
-- Dumping data for table `score`
--

LOCK TABLES `SCORE` WRITE;
/*!40000 ALTER TABLE `SCORE` DISABLE KEYS */;
INSERT INTO `SCORE` VALUES (1,'lender',2,10),(2,'lender1',1,10),(3,'lender2',-2,10),(4,'lender3',1,10),(5,'lender4',1,10),(6,'lender5',1,10),(7,'lender6',1,10),(8,'lender7',1,10),(9,'lender8',1,10),(10,'lender9',1,10),(11,'lender10',1,10),(12,'lender11',1,10),(13,'lender1',2,11);
/*!40000 ALTER TABLE `score` ENABLE KEYS */;
UNLOCK TABLES;

--
-- Table structure for table `transaction`
--

DROP TABLE IF EXISTS `TRANSACTION`;
/*!40101 SET @saved_cs_client     = @@character_set_client */;
/*!40101 SET character_set_client = utf8 */;
CREATE TABLE `TRANSACTION` (
  `ID` bigint(20) NOT NULL,
  `LOANER` varchar(255) DEFAULT NULL,
  `LENDER` varchar(255) DEFAULT NULL,
  `TITLE` varchar(255) DEFAULT NULL,
  `POSTDATE` datetime DEFAULT NULL,
  `COMMENTS` varchar(255) DEFAULT NULL,
  `FRONTCOVER` varchar(255) DEFAULT NULL,
  `VERIFY` int(11) DEFAULT NULL,
  PRIMARY KEY (`ID`),
  KEY `FKFFF466BE9E015338` (`LENDER`),
  KEY `FKFFF466BE9E887AF9` (`LOANER`),
  CONSTRAINT `FKFFF466BE9E015338` FOREIGN KEY (`LENDER`) REFERENCES `USERDETAIL` (`USERNAME`),
  CONSTRAINT `FKFFF466BE9E887AF9` FOREIGN KEY (`LOANER`) REFERENCES `USERDETAIL` (`USERNAME`)
) ENGINE=InnoDB DEFAULT CHARSET=utf8;
/*!40101 SET character_set_client = @saved_cs_client */;

--
-- Dumping data for table `transaction`
--

LOCK TABLES `TRANSACTION` WRITE;
/*!40000 ALTER TABLE `TRANSACTION` DISABLE KEYS */;
INSERT INTO `TRANSACTION` VALUES (2,'loaner','lender','title11','2013-08-24 13:40:32','comments','frontcover',0),(3,'loaner','lender','title','2013-08-24 13:41:41','comments','frontcover',1),(4,'loaner','lender','title','2013-08-24 13:43:39','comments','frontcover',-1),(5,NULL,'lender','','2013-08-26 20:20:14','',NULL,-1),(6,'loaner','lender','乐于助人','2013-08-26 20:20:54','我就是喜欢帮助别人&nbsp;',NULL,-1),(7,NULL,'lender','fsad','2013-12-16 10:47:16','',NULL,-1),(8,'lender','lender','fuck you','2013-12-16 11:51:18','asshole',NULL,-1),(9,'lender','lender','fuck you, lender','2013-12-16 11:51:58','asshole',NULL,-1);
/*!40000 ALTER TABLE `transaction` ENABLE KEYS */;
UNLOCK TABLES;

--
-- Table structure for table `user`
--

DROP TABLE IF EXISTS `USER`;
/*!40101 SET @saved_cs_client     = @@character_set_client */;
/*!40101 SET character_set_client = utf8 */;
CREATE TABLE `USER` (
  `USERNAME` varchar(255) NOT NULL,
  `PASSWORD` varchar(50) NOT NULL,
  `GROUPID` int(11) NOT NULL,
  PRIMARY KEY (`USERNAME`)
) ENGINE=InnoDB DEFAULT CHARSET=utf8;
/*!40101 SET character_set_client = @saved_cs_client */;

--
-- Dumping data for table `user`
--

LOCK TABLES `USER` WRITE;
/*!40000 ALTER TABLE `user` DISABLE KEYS */;
INSERT INTO `USER` VALUES ('bryce','bryce',3),('lender','lender',2),('lender1','lender',2),('lender10','lender',2),('lender11','lender',2),('lender2','lender',2),('lender3','lender',2),('lender4','lender',2),('lender5','lender',2),('lender6','lender',2),('lender7','lender',2),('lender8','lender',2),('lender9','lender',2),('loaner','loaner',1),('loaner1','loaner',1),('loaner10','loaner',1),('loaner11','loaner',1),('loaner2','loaner',1),('loaner3','loaner',1),('loaner4','loaner',1),('loaner5','loaner',1),('loaner6','loaner',1),('loaner7','loaner',1),('loaner8','loaner',1),('loaner9','loaner',1),('logintest0','logintest',0),('logintest1','logintest1',2),('logintest2','logintest2',2);
/*!40000 ALTER TABLE `user` ENABLE KEYS */;
UNLOCK TABLES;

--
-- Table structure for table `userdetail`
--

DROP TABLE IF EXISTS `USERDETAIL`;
/*!40101 SET @saved_cs_client     = @@character_set_client */;
/*!40101 SET character_set_client = utf8 */;
CREATE TABLE `USERDETAIL` (
  `USERNAME` varchar(255) NOT NULL,
  `LASTNAME` varchar(255) DEFAULT NULL,
  `FIRSTNAME` varchar(255) DEFAULT NULL,
  `GENDER` int(11) DEFAULT NULL,
  `AVATAR` varchar(255) DEFAULT NULL,
  `TEL` varchar(255) DEFAULT NULL,
  `QQ` varchar(255) DEFAULT NULL,
  `SITE` varchar(255) DEFAULT NULL,
  `EMAIL` varchar(255) DEFAULT NULL,
  `INTRODUCE` varchar(255) DEFAULT NULL,
  `LOCATION` varchar(255) DEFAULT NULL,
  `REGDATE` datetime DEFAULT NULL,
  PRIMARY KEY (`USERNAME`)
) ENGINE=InnoDB DEFAULT CHARSET=utf8;
/*!40101 SET character_set_client = @saved_cs_client */;

--
-- Dumping data for table `userdetail`
--

LOCK TABLES `USERDETAIL` WRITE;
/*!40000 ALTER TABLE `userdetail` DISABLE KEYS */;
INSERT INTO `USERDETAIL` VALUES ('bryce','李','超',1,'/avatar/1.jpg','15652997385','360924857','site','lichao0407@gmail.com','introduce','北京海淀','2013-08-24 13:38:55'),('lender','车','明光',0,'/avatar/lender.png','13452172009','360924857','http://www.cyeam.com','lichao0407@gmail.com','introduce','北京海淀','2013-08-24 10:36:58'),('lender1','周','周',0,'/avatar/lender1.jpg','13452172009','290355479','www.cyeam.com','lichao0407@gmail.com','我就是我','北京海淀','2013-08-24 10:36:58'),('lender10','尹','尹',0,'/avatar/lender10.jpg','13452172009','290355479','www.cyeam.com','lichao0407@gmail.com','我就是我','北京海淀','2013-08-24 10:36:58'),('lender11','张','九',0,'/avatar/lender11.jpg','13452172009','290355479','www.cyeam.com','lichao0407@gmail.com','我就是我','北京海淀','2013-08-24 10:36:58'),('lender2','张','斌',0,'/avatar/lender2.jpg','13452172009','290355479','www.cyeam.com','lichao0407@gmail.com','我就是我','北京海淀','2013-08-24 10:36:58'),('lender3','张','磊',0,'/avatar/lender3.jpg','13452172009','290355479','www.cyeam.com','lichao0407@gmail.com','我就是我','北京海淀','2013-08-24 10:36:58'),('lender4','曹','又禾',0,'/avatar/lender4.jpg','13452172009','290355479','www.cyeam.com','lichao0407@gmail.com','我就是我','北京海淀','2013-08-24 10:36:58'),('lender5','牟','妍妮',0,'/avatar/lender5.jpg','13452172009','290355479','www.cyeam.com','lichao0407@gmail.com','我就是我','北京海淀','2013-08-24 10:36:58'),('lender6','王','悦',0,'/avatar/lender6.jpg','13452172009','290355479','www.cyeam.com','lichao0407@gmail.com','我就是我','北京海淀','2013-08-24 10:36:58'),('lender7','莫','春容',0,'/avatar/lender7.jpg','13452172009','290355479','www.cyeam.com','lichao0407@gmail.com','我就是我','北京海淀','2013-08-24 10:36:58'),('lender8','赵','鑫',0,'/avatar/lender8.jpg','13452172009','290355479','www.cyeam.com','lichao0407@gmail.com','我就是我','北京海淀','2013-08-24 10:36:58'),('lender9','韩','宏波',0,'/avatar/lender9.jpg','13452172009','290355479','www.cyeam.com','lichao0407@gmail.com','我就是我','北京海淀','2013-08-24 10:36:58'),('loaner','车','明光',1,'/avatar/loaner.png','13452172009','360924857','site','lichao0407@gmail.com','introduce','北京海淀','2013-08-24 13:38:55'),('loaner1','车','明光',1,'/avatar/loaner1.jpg','13452172009','360924857','site','lichao0407@gmail.com','introduce','北京海淀','2013-08-24 13:38:55'),('loaner10','车','明光',1,'/avatar/loaner10.jpg','13452172009','360924857','site','lichao0407@gmail.com','introduce','北京海淀','2013-08-24 13:38:55'),('loaner11','车','明光',1,'/avatar/loaner11.jpg','13452172009','360924857','site','lichao0407@gmail.com','introduce','北京海淀','2013-08-24 13:38:55'),('loaner2','车','明光',1,'/avatar/loaner2.jpg','13452172009','360924857','site','lichao0407@gmail.com','introduce','北京海淀','2013-08-24 13:38:55'),('loaner3','车','明光',1,'/avatar/loaner3.jpg','13452172009','360924857','site','lichao0407@gmail.com','introduce','北京海淀','2013-08-24 13:38:55'),('loaner4','车','明光',1,'/avatar/loaner4.jpg','13452172009','360924857','site','lichao0407@gmail.com','introduce','北京海淀','2013-08-24 13:38:55'),('loaner5','车','明光',1,'/avatar/loaner5.jpg','13452172009','360924857','site','lichao0407@gmail.com','introduce','北京海淀','2013-08-24 13:38:55'),('loaner6','车','明光',1,'/avatar/loaner6.jpg','13452172009','360924857','site','lichao0407@gmail.com','introduce','北京海淀','2013-08-24 13:38:55'),('loaner7','车','明光',1,'/avatar/loaner7.jpg','13452172009','360924857','site','lichao0407@gmail.com','introduce','北京海淀','2013-08-24 13:38:55'),('loaner8','车','明光',1,'/avatar/loaner8.jpg','13452172009','360924857','site','lichao0407@gmail.com','introduce','北京海淀','2013-08-24 13:38:55'),('loaner9','车','明光',1,'/avatar/loaner9.jpg','13452172009','360924857','site','lichao0407@gmail.com','introduce','北京海淀','2013-08-24 13:38:55'),('logintest1',NULL,NULL,0,'logintest1.png',NULL,NULL,NULL,NULL,NULL,NULL,'2013-12-19 22:36:47'),('logintest2',NULL,NULL,0,'logintest2.png',NULL,NULL,NULL,NULL,NULL,NULL,'2013-12-19 22:39:19');
/*!40000 ALTER TABLE `userdetail` ENABLE KEYS */;
UNLOCK TABLES;

--
-- Table structure for table `visit`
--

DROP TABLE IF EXISTS `VISIT`;
/*!40101 SET @saved_cs_client     = @@character_set_client */;
/*!40101 SET character_set_client = utf8 */;
CREATE TABLE `VISIT` (
  `ID` bigint(20) NOT NULL,
  `OID` bigint(20) DEFAULT NULL,
  `TYPE` int(11) DEFAULT NULL,
  `USER` varchar(255) DEFAULT NULL,
  `IP` varchar(255) DEFAULT NULL,
  `STARTDATE` datetime DEFAULT NULL,
  `ENDDATE` datetime DEFAULT NULL,
  `CITY` varchar(255) DEFAULT NULL,
  `BROWSER` varchar(255) DEFAULT NULL,
  `RESOLUTION` varchar(255) DEFAULT NULL,
  `OS` varchar(255) DEFAULT NULL,
  `FROMSOURCE` varchar(255) DEFAULT NULL,
  `ISP` varchar(255) DEFAULT NULL,
  PRIMARY KEY (`ID`),
  KEY `FK4DE552BE02A1127` (`USER`),
  CONSTRAINT `FK4DE552BE02A1127` FOREIGN KEY (`USER`) REFERENCES `USERDETAIL` (`USERNAME`)
) ENGINE=InnoDB DEFAULT CHARSET=utf8;
/*!40101 SET character_set_client = @saved_cs_client */;

--
-- Dumping data for table `visit`
--

LOCK TABLES `VISIT` WRITE;
/*!40000 ALTER TABLE `visit` DISABLE KEYS */;
INSERT INTO `VISIT` VALUES (1,1,5,'loaner','0:0:0:0:0:0:0:1','2013-08-26 22:00:26','2013-08-26 22:00:26','',NULL,NULL,NULL,NULL,NULL),(2,1,5,'lender',NULL,NULL,NULL,NULL,NULL,NULL,NULL,NULL,NULL),(3,1,5,'lender','219.143.205.141',NULL,NULL,'',NULL,NULL,NULL,NULL,NULL),(4,1,5,'lender','219.143.205.141',NULL,NULL,'',NULL,NULL,NULL,NULL,NULL),(5,1,5,'lender','219.143.205.141',NULL,NULL,'',NULL,NULL,NULL,NULL,NULL),(7,1,5,'lender','219.143.205.141',NULL,NULL,'北京','Chrome_30.0.1599.69','1920*1080','Win7_32bit','http://localhost:8080/','联通'),(8,1,5,'lender','219.143.205.141','2011-04-08 17:00:00',NULL,'北京','Chrome_30.0.1599.69','1920*1080','Win7_32bit','http://localhost:8080/','联通'),(9,1,5,'lender','219.143.205.141','2011-04-08 17:00:00',NULL,'北京','Chrome_30.0.1599.69','1920*1080','Win7_32bit','http://localhost:8080/','联通'),(10,1,5,'lender','219.143.205.141','2013-11-02 00:57:09','2013-11-02 00:57:09','北京','Chrome_30.0.1599.69','1920*1080','Win7_32bit','http://localhost:8080/','联通'),(11,1,5,'lender','219.143.205.141','2022-03-02 00:59:13','2022-03-02 00:59:13','北京','Chrome_30.0.1599.69','1920*1080','Win7_32bit','http://localhost:8080/','联通'),(12,1,5,'lender','219.143.205.141','2013-12-02 01:52:06','2013-12-02 01:52:29','北京','Chrome_30.0.1599.69','1920*1080','Win7_32bit','','联通'),(13,1,5,'lender','219.143.205.141','2013-12-02 01:52:06','2013-12-02 01:52:29','北京','Chrome_30.0.1599.69','1920*1080','Win7_32bit','','联通'),(14,1,5,'lender','219.143.205.141','2013-12-02 01:57:59','2013-12-02 01:58:26','北京','Chrome_30.0.1599.69','1920*1080','Win7_32bit','','联通'),(15,1,5,'lender','219.143.205.141','2013-12-02 02:03:11','2013-12-02 02:03:27','北京','Chrome_30.0.1599.69','1920*1080','Win7_32bit','','联通'),(16,1,5,'lender','219.143.205.141','2013-12-02 02:04:24','2013-12-02 02:04:33','北京','Chrome_30.0.1599.69','1920*1080','Win7_32bit','http://localhost:8080/','联通'),(17,1,5,'lender','219.143.205.141','2013-12-02 02:05:01','2013-12-02 02:05:12','北京','Chrome_30.0.1599.69','1920*1080','Win7_32bit','http://localhost:8080/','联通'),(18,2,5,'lender','219.143.205.141','2013-12-02 02:08:14','2013-12-02 02:08:23','北京','Chrome_30.0.1599.69','1920*1080','Win7_32bit','','联通'),(19,2,5,'lender','219.143.205.141','2013-12-02 02:08:31','2013-12-02 02:09:02','北京','Chrome_30.0.1599.69','1920*1080','Win7_32bit','','联通'),(20,2,5,'lender','219.143.205.141','2013-12-02 02:09:13','2013-12-02 02:09:17','北京','Chrome_30.0.1599.69','1920*1080','Win7_32bit','http://localhost:8080/','联通'),(21,2,5,'lender','219.143.205.141','2013-12-02 02:33:39','2013-12-02 02:33:45','北京','Chrome_30.0.1599.69','1920*1080','Win7_32bit','http://localhost:8080/','联通'),(22,2,5,'lender','219.143.205.141','2013-12-02 02:34:04','2013-12-02 02:34:52','北京','Chrome_30.0.1599.69','1920*1080','Win7_32bit','http://localhost:8080/','联通'),(23,2,5,'lender','219.143.205.141','2013-12-02 02:35:14','2013-12-02 02:36:27','北京','Chrome_30.0.1599.69','1920*1080','Win7_32bit','http://localhost:8080/','联通'),(24,2,5,'lender','219.143.205.141','2013-12-02 02:35:14','2013-12-02 02:36:27','北京','Chrome_30.0.1599.69','1920*1080','Win7_32bit','http://localhost:8080/','联通'),(25,2,5,'lender','219.143.205.141','2013-12-02 02:35:14','2013-12-02 02:36:27','北京','Chrome_30.0.1599.69','1920*1080','Win7_32bit','http://localhost:8080/','联通'),(26,2,5,'lender','219.143.205.141','2013-12-02 02:35:14','2013-12-02 02:36:27','北京','Chrome_30.0.1599.69','1920*1080','Win7_32bit','http://localhost:8080/','联通'),(27,2,5,'lender','219.143.205.141','2013-12-02 02:35:14','2013-12-02 02:36:27','北京','Chrome_30.0.1599.69','1920*1080','Win7_32bit','http://localhost:8080/','联通'),(28,2,5,'lender','219.143.205.141','2013-12-02 02:35:14','2013-12-02 02:47:58','北京','Chrome_30.0.1599.69','1920*1080','Win7_32bit','http://localhost:8080/','联通'),(29,2,5,'lender','219.143.205.141','2013-12-02 02:48:09','2013-12-02 02:48:28','北京','Chrome_30.0.1599.69','1920*1080','Win7_32bit','http://localhost:8080/','联通'),(30,2,5,'lender','219.143.205.141','2013-12-02 02:48:09','2013-12-02 02:50:36','北京','Chrome_30.0.1599.69','1920*1080','Win7_32bit','http://localhost:8080/','联通'),(31,2,5,'lender','219.143.205.141','2013-12-02 02:48:09','2013-12-02 02:50:36','北京','Chrome_30.0.1599.69','1920*1080','Win7_32bit','http://localhost:8080/','联通'),(32,2,5,'lender','219.143.205.141','2013-12-01 18:48:09','2013-12-01 18:50:36','北京','Chrome_30.0.1599.69','1920*1080','Win7_32bit','http://localhost:8080/','联通'),(33,2,5,'lender','219.143.205.141','2013-12-01 18:48:09','2013-12-01 19:11:59','北京','Chrome_30.0.1599.69','1920*1080','Win7_32bit','http://localhost:8080/','联通'),(34,2,5,'lender','219.143.205.141','2013-12-01 19:12:15','2013-12-01 19:12:24','北京','Chrome_30.0.1599.69','1920*1080','Win7_32bit','http://localhost:8080/','联通'),(35,10,5,'lender','219.143.205.141','2013-12-01 19:14:00','2013-12-01 19:15:39','北京','Chrome_30.0.1599.69','1920*1080','Win7_32bit','http://localhost:8080/','联通'),(36,10,6,'lender','219.143.205.141','2013-12-01 19:20:00','2013-12-01 19:20:08','北京','Chrome_30.0.1599.69','1920*1080','Win7_32bit','http://localhost:8080/','联通'),(37,1,9,'lender','219.143.205.141','2013-12-01 19:21:25','2013-12-01 19:21:30','北京','Chrome_30.0.1599.69','1920*1080','Win7_32bit','http://localhost:8080/','联通'),(38,1,4,'lender','219.143.205.141','2013-12-01 19:22:04','2013-12-01 19:22:09','北京','Chrome_30.0.1599.69','1920*1080','Win7_32bit','http://localhost:8080/','联通'),(39,2,2,'lender','219.143.205.141','2013-12-01 19:24:01','2013-12-01 19:24:12','北京','Chrome_30.0.1599.69','1920*1080','Win7_32bit','http://localhost:8080/','联通'),(40,2,2,'lender','219.143.205.141','2013-12-01 19:24:47','2013-12-01 19:25:12','北京','Chrome_30.0.1599.69','1920*1080','Win7_32bit','http://localhost:8080/','联通'),(41,1,9,'lender','219.143.205.99','2013-12-03 09:31:15','2013-12-03 09:31:36','北京','Chrome_30.0.1599.69','1920*1080','Win7_32bit','http://localhost:8080/','联通'),(42,1,9,'lender','219.143.205.99','2013-12-03 09:31:50','2013-12-03 09:32:20','北京','Chrome_30.0.1599.69','1920*1080','Win7_32bit','http://localhost:8080/','联通'),(43,1,5,'lender','219.143.205.11','2013-12-04 18:58:54','2013-12-04 18:59:54','北京','Chrome_30.0.1599.69','1920*1080','Win7_32bit','','联通'),(44,1,5,'lender','219.143.205.136','2013-12-05 21:11:40','2013-12-05 21:15:06','北京','Chrome_30.0.1599.69','1920*1080','Win7_32bit','http://localhost:8080/','联通'),(45,1,5,'lender','219.143.205.136','2013-12-05 21:15:07','2013-12-05 21:36:40','北京','Chrome_30.0.1599.69','1920*1080','Win7_32bit','http://localhost:8080/','联通'),(46,7,6,'lender','219.143.205.136','2013-12-05 21:36:49','2013-12-05 21:36:54','北京','Chrome_30.0.1599.69','1920*1080','Win7_32bit','http://localhost:8080/','联通'),(47,7,4,'lender','219.143.205.136','2013-12-05 21:37:05','2013-12-05 21:56:41','北京','Chrome_30.0.1599.69','1920*1080','Win7_32bit','http://localhost:8080/','联通'),(48,1,5,'lender','219.143.205.58','2013-12-06 22:47:21','2013-12-06 22:47:56','北京','Chrome_30.0.1599.69','1920*1080','Win7_32bit','','联通'),(49,1,6,'lender','219.143.205.58','2013-12-06 22:50:59','2013-12-06 22:58:24','北京','Chrome_30.0.1599.69','1920*1080','Win7_32bit','http://localhost:8080/s.html?type=6&keyword=1&page=1&size=20','联通'),(50,1,5,'lender','219.143.205.71','2013-12-09 16:30:40','2013-12-09 16:31:10','北京','Chrome_30.0.1599.69','1920*1080','Win7_32bit','','联通'),(51,1,2,'lender','219.143.205.86','2013-12-10 20:30:14','2013-12-10 20:30:30','北京','Chrome_30.0.1599.69','1920*1080','Win7_32bit','','联通'),(52,3,2,'lender','219.143.205.86','2013-12-10 20:30:32','2013-12-10 20:31:10','北京','Chrome_30.0.1599.69','1920*1080','Win7_32bit','','联通'),(53,3,2,'lender','219.143.205.86','2013-12-10 20:31:12','2013-12-10 20:31:37','北京','Chrome_30.0.1599.69','1920*1080','Win7_32bit','','联通'),(54,3,9,'lender','219.143.205.86','2013-12-10 20:31:43','2013-12-10 20:32:14','北京','Chrome_30.0.1599.69','1920*1080','Win7_32bit','','联通'),(55,3,9,'lender','219.143.205.86','2013-12-10 20:32:18','2013-12-10 20:32:31','北京','Chrome_30.0.1599.69','1920*1080','Win7_32bit','','联通'),(56,3,4,'lender','219.143.205.86','2013-12-10 20:32:34','2013-12-10 20:32:49','北京','Chrome_30.0.1599.69','1920*1080','Win7_32bit','','联通'),(57,3,4,'lender','219.143.205.86','2013-12-10 20:32:51','2013-12-10 20:36:08','北京','Chrome_30.0.1599.69','1920*1080','Win7_32bit','','联通'),(58,3,4,'lender','219.143.205.120','2013-12-10 20:36:11','2013-12-10 20:36:35','北京','Chrome_30.0.1599.69','1920*1080','Win7_32bit','','联通'),(59,2,5,'lender','219.143.205.114','2013-12-11 16:04:22','2013-12-11 16:06:52','北京','Chrome_30.0.1599.69','1920*1080','Win7_32bit','http://localhost:8080/','联通'),(60,2,5,'lender','219.143.205.114','2013-12-11 16:07:04','2013-12-11 17:36:43','北京','Chrome_30.0.1599.69','1920*1080','Win7_32bit','http://localhost:8080/','联通'),(61,1,5,'lender','211.143.101.139','2013-12-13 13:35:38','2013-12-13 13:35:43','邢台','Chrome_31.0.1650.63','1366*768','Win8_64bit','http://localhost:8080/mall.html','联通'),(62,8,5,'lender','211.143.101.139','2013-12-13 13:37:05','2013-12-13 13:37:07','邢台','Chrome_31.0.1650.63','1366*768','Win8_64bit','http://localhost:8080/mall.html','联通'),(63,9,5,'lender','211.143.101.139','2013-12-13 13:37:09','2013-12-13 13:37:12','邢台','Chrome_31.0.1650.63','1366*768','Win8_64bit','http://localhost:8080/mall.html','联通'),(64,12,5,'lender','211.143.101.139','2013-12-13 13:37:15','2013-12-13 13:37:16','邢台','Chrome_31.0.1650.63','1366*768','Win8_64bit','http://localhost:8080/mall.html','联通'),(65,2,5,'lender','211.143.101.139','2013-12-13 13:37:57','2013-12-13 13:37:59','邢台','Chrome_31.0.1650.63','1366*768','Win8_64bit','http://localhost:8080/mall.html','联通'),(66,9,5,'lender','211.143.101.139','2013-12-13 14:15:54','2013-12-13 14:15:59','邢台','Chrome_31.0.1650.63','1366*768','Win8_64bit','http://localhost:8080/supply.html','联通'),(67,1,6,'lender','211.143.101.139','2013-12-13 14:19:14','2013-12-13 14:19:20','邢台','Chrome_31.0.1650.63','1366*768','Win8_64bit','http://localhost:8080/supply.html','联通'),(68,1,6,'lender','211.143.101.139','2013-12-13 14:28:32','2013-12-13 14:28:43','邢台','Chrome_31.0.1650.63','1366*768','Win8_64bit','http://localhost:8080/supply.html','联通'),(69,1,5,'lender','211.143.101.139','2013-12-13 14:42:10','2013-12-13 14:42:13','邢台','Chrome_31.0.1650.63','1366*768','Win8_64bit','http://localhost:8080/specialist.html','联通'),(70,3,4,'lender','211.143.101.139','2013-12-13 15:09:55','2013-12-13 15:09:58','邢台','Chrome_31.0.1650.63','1366*768','Win8_64bit','http://localhost:8080/demand.html','联通'),(71,1,5,'lender','211.143.101.139','2013-12-13 16:13:13','2013-12-13 16:13:31','邢台','Chrome_31.0.1650.63','1366*768','Win8_64bit','http://localhost:8080/mall.html','联通'),(72,1,5,'lender','211.143.101.139','2013-12-13 16:13:32','2013-12-13 16:14:15','邢台','Chrome_31.0.1650.63','1366*768','Win8_64bit','http://localhost:8080/mall.html','联通'),(73,1,5,'lender','211.143.101.139','2013-12-13 16:14:16','2013-12-13 16:14:30','邢台','Chrome_31.0.1650.63','1366*768','Win8_64bit','http://localhost:8080/m.html?id=1','联通'),(74,1,5,'lender','211.143.101.139','2013-12-13 16:14:33','2013-12-13 16:19:26','邢台','Chrome_31.0.1650.63','1366*768','Win8_64bit','http://localhost:8080/m.html?id=1','联通'),(75,8,9,'lender','211.143.101.139','2013-12-13 16:31:01','2013-12-13 16:43:01','邢台','Chrome_31.0.1650.63','1366*768','Win8_64bit','http://localhost:8080/news.html','联通'),(76,9,9,'lender','211.143.101.139','2013-12-13 16:32:57','2013-12-13 16:43:03','邢台','Chrome_31.0.1650.63','1366*768','Win8_64bit','http://localhost:8080/news.html','联通'),(77,10,9,'lender','211.143.101.139','2013-12-13 16:52:38','2013-12-13 16:57:45','邢台','Chrome_31.0.1650.63','1366*768','Win8_64bit','http://localhost:8080/news.html','联通'),(78,11,9,'lender','211.143.101.139','2013-12-13 17:11:21','2013-12-13 17:13:50','邢台','Chrome_31.0.1650.63','1366*768','Win8_64bit','http://localhost:8080/news.html','联通'),(79,11,9,'lender','211.143.101.139','2013-12-13 17:13:51','2013-12-13 17:14:37','邢台','Chrome_31.0.1650.63','1366*768','Win8_64bit','http://localhost:8080/news.html','联通'),(80,11,9,'lender','211.143.101.139','2013-12-13 17:14:39','2013-12-13 18:54:52','邢台','Chrome_31.0.1650.63','1366*768','Win8_64bit','http://localhost:8080/news.html','联通'),(81,11,9,'lender','211.143.101.139','2013-12-13 18:54:54','2013-12-13 18:55:10','邢台','Chrome_31.0.1650.63','1366*768','Win8_64bit','http://localhost:8080/news.html','联通'),(82,11,9,'lender','211.143.101.139','2013-12-13 18:55:11','2013-12-13 18:57:29','邢台','Chrome_31.0.1650.63','1366*768','Win8_64bit','http://localhost:8080/news.html','联通'),(83,11,9,'lender','211.143.101.139','2013-12-13 18:57:30','2013-12-13 18:57:46','邢台','Chrome_31.0.1650.63','1366*768','Win8_64bit','http://localhost:8080/news.html','联通'),(84,11,9,'lender','211.143.101.139','2013-12-13 18:57:47','2013-12-13 18:59:25','邢台','Chrome_31.0.1650.63','1366*768','Win8_64bit','http://localhost:8080/news.html','联通'),(85,11,9,'lender','211.143.101.139','2013-12-13 18:59:26','2013-12-13 19:08:19','邢台','Chrome_31.0.1650.63','1366*768','Win8_64bit','http://localhost:8080/news.html','联通'),(86,11,9,'lender','211.143.101.139','2013-12-13 19:08:22','2013-12-13 19:09:40','邢台','Chrome_31.0.1650.63','1366*768','Win8_64bit','http://localhost:8080/news.html','联通'),(87,11,9,'lender','211.143.101.139','2013-12-13 19:09:41','2013-12-13 19:09:55','邢台','Chrome_31.0.1650.63','1366*768','Win8_64bit','http://localhost:8080/news.html','联通'),(88,11,9,'lender','211.143.101.139','2013-12-13 19:09:56','2013-12-13 19:12:05','邢台','Chrome_31.0.1650.63','1366*768','Win8_64bit','http://localhost:8080/news.html','联通'),(89,11,9,'lender','211.143.101.139','2013-12-13 19:12:08','2013-12-13 19:22:57','邢台','Chrome_31.0.1650.63','1366*768','Win8_64bit','http://localhost:8080/news.html','联通'),(90,12,9,'lender','211.143.101.139','2013-12-13 19:23:03','2013-12-13 19:25:17','邢台','Chrome_31.0.1650.63','1366*768','Win8_64bit','http://localhost:8080/news.html','联通'),(91,12,9,'lender','211.143.101.139','2013-12-13 19:25:18','2013-12-13 19:26:10','邢台','Chrome_31.0.1650.63','1366*768','Win8_64bit','http://localhost:8080/news.html','联通'),(92,12,9,'lender','211.143.101.139','2013-12-13 19:26:11','2013-12-13 19:30:44','邢台','Chrome_31.0.1650.63','1366*768','Win8_64bit','http://localhost:8080/news.html','联通'),(93,12,9,'lender','211.143.101.139','2013-12-13 19:30:46','2013-12-13 19:32:23','邢台','Chrome_31.0.1650.63','1366*768','Win8_64bit','http://localhost:8080/news.html','联通'),(94,12,9,'lender','211.143.101.139','2013-12-13 19:32:25','2013-12-13 19:32:56','邢台','Chrome_31.0.1650.63','1366*768','Win8_64bit','http://localhost:8080/news.html','联通'),(95,12,9,'lender','211.143.101.139','2013-12-13 19:32:58','2013-12-13 19:34:35','邢台','Chrome_31.0.1650.63','1366*768','Win8_64bit','http://localhost:8080/news.html','联通'),(96,12,9,'lender','211.143.101.139','2013-12-13 19:34:36','2013-12-13 19:35:18','邢台','Chrome_31.0.1650.63','1366*768','Win8_64bit','http://localhost:8080/news.html','联通'),(97,12,9,'lender','211.143.101.139','2013-12-13 19:35:20','2013-12-13 19:39:05','邢台','Chrome_31.0.1650.63','1366*768','Win8_64bit','http://localhost:8080/news.html','联通'),(98,12,9,'lender','211.143.101.139','2013-12-13 19:39:07','2013-12-13 19:39:38','邢台','Chrome_31.0.1650.63','1366*768','Win8_64bit','http://localhost:8080/news.html','联通'),(99,12,9,'lender','211.143.101.139','2013-12-13 19:39:41','2013-12-13 19:40:39','邢台','Chrome_31.0.1650.63','1366*768','Win8_64bit','http://localhost:8080/news.html','联通'),(100,12,9,'lender','211.143.101.139','2013-12-13 19:40:40','2013-12-13 19:43:44','邢台','Chrome_31.0.1650.63','1366*768','Win8_64bit','http://localhost:8080/news.html','联通'),(101,12,9,'lender','211.143.101.139','2013-12-13 19:43:45','2013-12-13 20:08:51','邢台','Chrome_31.0.1650.63','1366*768','Win8_64bit','http://localhost:8080/news.html','联通'),(102,12,9,'lender','211.143.101.139','2013-12-13 20:08:53','2013-12-13 20:10:00','邢台','Chrome_31.0.1650.63','1366*768','Win8_64bit','http://localhost:8080/news.html','联通'),(103,12,9,'lender','211.143.101.139','2013-12-13 20:10:01','2013-12-13 20:11:14','邢台','Chrome_31.0.1650.63','1366*768','Win8_64bit','http://localhost:8080/news.html','联通'),(104,12,9,'lender','211.143.101.139','2013-12-13 20:11:15','2013-12-13 20:17:49','邢台','Chrome_31.0.1650.63','1366*768','Win8_64bit','http://localhost:8080/news.html','联通'),(105,12,9,'lender','211.143.101.139','2013-12-13 20:18:37','2013-12-13 20:21:15','邢台','Chrome_31.0.1650.63','1366*768','Win8_64bit','','联通'),(106,12,9,'lender','211.143.101.139','2013-12-13 20:21:16','2013-12-13 20:21:57','邢台','Chrome_31.0.1650.63','1366*768','Win8_64bit','','联通'),(107,12,9,'lender','211.143.101.139','2013-12-13 20:21:58','2013-12-13 20:26:54','邢台','Chrome_31.0.1650.63','1366*768','Win8_64bit','','联通'),(108,12,9,'lender','211.143.101.139','2013-12-13 20:26:55','2013-12-13 21:09:18','邢台','Chrome_31.0.1650.63','1366*768','Win8_64bit','','联通'),(109,12,9,'lender','211.143.101.139','2013-12-13 21:09:56','2013-12-13 21:10:12','邢台','Chrome_31.0.1650.63','1366*768','Win8_64bit','','联通'),(110,12,9,'lender','211.143.101.139','2013-12-13 21:10:13','2013-12-13 21:11:55','邢台','Chrome_31.0.1650.63','1366*768','Win8_64bit','','联通'),(111,12,9,'lender','211.143.101.139','2013-12-13 21:11:56','2013-12-13 21:12:47','邢台','Chrome_31.0.1650.63','1366*768','Win8_64bit','','联通'),(112,12,9,'lender','211.143.101.139','2013-12-13 21:12:48','2013-12-13 21:13:48','邢台','Chrome_31.0.1650.63','1366*768','Win8_64bit','http://localhost:8080/p1.html?id=12','联通'),(113,12,9,'lender','211.143.101.139','2013-12-13 21:13:49','2013-12-13 21:14:40','邢台','Chrome_31.0.1650.63','1366*768','Win8_64bit','http://localhost:8080/p1.html?id=12','联通'),(114,12,9,'lender','211.143.101.139','2013-12-13 21:14:42','2013-12-13 21:15:28','邢台','Chrome_31.0.1650.63','1366*768','Win8_64bit','http://localhost:8080/p1.html?id=12','联通'),(115,12,9,'lender','211.143.101.139','2013-12-13 21:15:29','2013-12-13 21:15:35','邢台','Chrome_31.0.1650.63','1366*768','Win8_64bit','http://localhost:8080/p1.html?id=12','联通'),(116,12,9,'lender','211.143.101.139','2013-12-13 21:15:36','2013-12-13 21:15:40','邢台','Chrome_31.0.1650.63','1366*768','Win8_64bit','http://localhost:8080/p1.html?id=12','联通'),(117,12,9,'lender','211.143.101.139','2013-12-13 21:15:42','2013-12-13 21:19:45','邢台','Chrome_31.0.1650.63','1366*768','Win8_64bit','http://localhost:8080/p1.html?id=12','联通'),(118,12,9,'lender','211.143.101.139','2013-12-13 21:19:46','2013-12-13 21:19:55','邢台','Chrome_31.0.1650.63','1366*768','Win8_64bit','http://localhost:8080/p1.html?id=12','联通'),(119,12,9,'lender','211.143.101.139','2013-12-13 21:19:57','2013-12-13 21:20:02','邢台','Chrome_31.0.1650.63','1366*768','Win8_64bit','http://localhost:8080/p1.html?id=12','联通'),(120,12,9,'lender','211.143.101.139','2013-12-13 21:20:03','2013-12-13 21:20:06','邢台','Chrome_31.0.1650.63','1366*768','Win8_64bit','http://localhost:8080/p1.html?id=12','联通'),(121,12,9,'lender','211.143.101.139','2013-12-13 21:20:07','2013-12-13 21:23:35','邢台','Chrome_31.0.1650.63','1366*768','Win8_64bit','http://localhost:8080/p1.html?id=12','联通'),(122,1,9,'lender','211.143.101.139','2013-12-13 21:27:27','2013-12-13 21:27:30','邢台','Chrome_31.0.1650.63','1366*768','Win8_64bit','http://localhost:8080/news.html','联通'),(123,12,2,'lender','211.143.101.139','2013-12-13 21:28:47','2013-12-13 21:29:49','邢台','Chrome_31.0.1650.63','1366*768','Win8_64bit','','联通'),(124,12,2,'lender','211.143.101.139','2013-12-13 21:29:50','2013-12-13 21:30:06','邢台','Chrome_31.0.1650.63','1366*768','Win8_64bit','','联通'),(125,12,2,'lender','211.143.101.139','2013-12-13 21:30:08','2013-12-13 21:30:29','邢台','Chrome_31.0.1650.63','1366*768','Win8_64bit','','联通'),(126,12,2,'lender','211.143.101.139','2013-12-13 21:30:31','2013-12-13 21:30:48','邢台','Chrome_31.0.1650.63','1366*768','Win8_64bit','','联通'),(127,12,2,'lender','211.143.101.139','2013-12-13 21:30:49','2013-12-13 21:31:40','邢台','Chrome_31.0.1650.63','1366*768','Win8_64bit','','联通'),(128,12,2,'lender','211.143.101.139','2013-12-13 21:31:42','2013-12-13 21:33:24','邢台','Chrome_31.0.1650.63','1366*768','Win8_64bit','','联通'),(129,12,2,'lender','211.143.101.139','2013-12-13 21:33:25','2013-12-13 21:33:48','邢台','Chrome_31.0.1650.63','1366*768','Win8_64bit','','联通'),(130,12,2,'lender','211.143.101.139','2013-12-13 21:33:49','2013-12-13 21:35:03','邢台','Chrome_31.0.1650.63','1366*768','Win8_64bit','','联通'),(131,12,2,'lender','211.143.101.139','2013-12-13 21:35:04','2013-12-13 21:37:08','邢台','Chrome_31.0.1650.63','1366*768','Win8_64bit','','联通'),(132,12,2,'lender','211.143.101.139','2013-12-13 21:37:09','2013-12-13 21:37:40','邢台','Chrome_31.0.1650.63','1366*768','Win8_64bit','','联通'),(133,12,2,'lender','211.143.101.139','2013-12-13 21:37:41','2013-12-13 21:38:07','邢台','Chrome_31.0.1650.63','1366*768','Win8_64bit','','联通'),(134,12,2,'lender','211.143.101.139','2013-12-13 21:38:08','2013-12-13 21:38:43','邢台','Chrome_31.0.1650.63','1366*768','Win8_64bit','','联通'),(135,12,2,'lender','211.143.101.139','2013-12-13 21:38:44','2013-12-13 21:39:48','邢台','Chrome_31.0.1650.63','1366*768','Win8_64bit','','联通'),(136,12,2,'lender','211.143.101.139','2013-12-13 21:39:50','2013-12-13 21:41:32','邢台','Chrome_31.0.1650.63','1366*768','Win8_64bit','','联通'),(137,12,2,'lender','211.143.101.139','2013-12-13 21:41:33','2013-12-13 21:42:32','邢台','Chrome_31.0.1650.63','1366*768','Win8_64bit','','联通'),(138,12,2,'lender','211.143.101.139','2013-12-13 21:42:33','2013-12-13 21:42:48','邢台','Chrome_31.0.1650.63','1366*768','Win8_64bit','','联通'),(139,12,2,'lender','211.143.101.139','2013-12-13 21:42:50','2013-12-13 21:44:05','邢台','Chrome_31.0.1650.63','1366*768','Win8_64bit','','联通'),(140,12,2,'lender','211.143.101.139','2013-12-13 21:44:06','2013-12-13 21:45:16','邢台','Chrome_31.0.1650.63','1366*768','Win8_64bit','','联通'),(141,12,2,'lender','211.143.101.139','2013-12-13 21:45:17','2013-12-13 21:46:55','邢台','Chrome_31.0.1650.63','1366*768','Win8_64bit','','联通'),(142,12,2,'lender','211.143.101.139','2013-12-13 21:46:56','2013-12-13 21:49:59','邢台','Chrome_31.0.1650.63','1366*768','Win8_64bit','','联通'),(143,12,2,'lender','211.143.101.139','2013-12-13 21:50:00','2013-12-13 21:50:05','邢台','Chrome_31.0.1650.63','1366*768','Win8_64bit','','联通'),(144,12,2,'lender','211.143.101.139','2013-12-13 21:50:05','2013-12-13 21:51:00','邢台','Chrome_31.0.1650.63','1366*768','Win8_64bit','http://localhost:8080/p.html?id=12','联通'),(145,12,2,'lender','211.143.101.139','2013-12-13 21:51:03','2013-12-13 21:51:43','邢台','Chrome_31.0.1650.63','1366*768','Win8_64bit','http://localhost:8080/p.html?id=12','联通'),(146,12,2,'lender','211.143.101.139','2013-12-13 21:51:44','2013-12-13 21:53:44','邢台','Chrome_31.0.1650.63','1366*768','Win8_64bit','http://localhost:8080/p.html?id=12','联通'),(147,12,2,'lender','211.143.101.139','2013-12-13 21:53:45','2013-12-13 21:53:53','邢台','Chrome_31.0.1650.63','1366*768','Win8_64bit','http://localhost:8080/p.html?id=12','联通'),(148,12,2,'lender','211.143.101.139','2013-12-13 21:53:54','2013-12-13 21:54:08','邢台','Chrome_31.0.1650.63','1366*768','Win8_64bit','http://localhost:8080/p.html?id=12','联通'),(149,12,2,'lender','211.143.101.139','2013-12-13 21:54:09','2013-12-13 21:54:27','邢台','Chrome_31.0.1650.63','1366*768','Win8_64bit','http://localhost:8080/p.html?id=12','联通'),(150,12,2,'lender','211.143.101.139','2013-12-13 21:54:29','2013-12-13 21:54:34','邢台','Chrome_31.0.1650.63','1366*768','Win8_64bit','http://localhost:8080/p.html?id=12','联通'),(151,12,2,'lender','211.143.101.139','2013-12-13 21:54:34','2013-12-13 21:54:38','邢台','Chrome_31.0.1650.63','1366*768','Win8_64bit','http://localhost:8080/p.html?id=12','联通'),(152,12,2,'lender','211.143.101.139','2013-12-13 21:54:39','2013-12-13 21:54:43','邢台','Chrome_31.0.1650.63','1366*768','Win8_64bit','http://localhost:8080/p.html?id=12','联通'),(153,12,2,'lender','211.143.101.139','2013-12-13 21:54:45','2013-12-13 21:54:57','邢台','Chrome_31.0.1650.63','1366*768','Win8_64bit','http://localhost:8080/p.html?id=12','联通'),(154,12,9,'lender','211.143.101.139','2013-12-13 21:54:58','2013-12-13 21:56:19','邢台','Chrome_31.0.1650.63','1366*768','Win8_64bit','','联通'),(155,12,9,'lender','211.143.101.139','2013-12-13 21:56:20','2013-12-13 21:56:33','邢台','Chrome_31.0.1650.63','1366*768','Win8_64bit','','联通'),(156,12,9,'lender','211.143.101.139','2013-12-13 21:56:35','2013-12-13 21:58:22','邢台','Chrome_31.0.1650.63','1366*768','Win8_64bit','','联通'),(157,12,9,'lender','211.143.101.139','2013-12-13 21:58:23','2013-12-13 21:58:49','邢台','Chrome_31.0.1650.63','1366*768','Win8_64bit','','联通'),(158,12,9,'lender','211.143.101.139','2013-12-13 21:58:50','2013-12-13 21:58:58','邢台','Chrome_31.0.1650.63','1366*768','Win8_64bit','http://localhost:8080/p1.html?id=12','联通'),(159,12,9,'lender','211.143.101.139','2013-12-13 21:58:59','2013-12-13 21:59:06','邢台','Chrome_31.0.1650.63','1366*768','Win8_64bit','http://localhost:8080/p1.html?id=12','联通'),(160,12,9,'lender','211.143.101.139','2013-12-13 21:59:08','2013-12-13 21:59:14','邢台','Chrome_31.0.1650.63','1366*768','Win8_64bit','http://localhost:8080/p1.html?id=12','联通'),(161,12,2,'lender','211.143.101.139','2013-12-13 21:59:15','2013-12-13 21:59:19','邢台','Chrome_31.0.1650.63','1366*768','Win8_64bit','','联通'),(162,12,2,'lender','211.143.101.139','2013-12-13 21:59:21','2013-12-13 22:00:02','邢台','Chrome_31.0.1650.63','1366*768','Win8_64bit','http://localhost:8080/p.html?id=12','联通'),(163,2,2,'lender','211.143.101.139','2013-12-13 22:00:22','2013-12-13 22:00:24','邢台','Chrome_31.0.1650.63','1366*768','Win8_64bit','http://localhost:8080/','联通'),(164,1,4,'lender','211.143.101.139','2013-12-13 22:00:34','2013-12-13 22:03:32','邢台','Chrome_31.0.1650.63','1366*768','Win8_64bit','http://localhost:8080/','联通'),(165,1,4,'lender','211.143.101.139','2013-12-13 22:03:33','2013-12-13 22:03:55','邢台','Chrome_31.0.1650.63','1366*768','Win8_64bit','http://localhost:8080/','联通'),(166,1,4,'lender','211.143.101.139','2013-12-13 22:03:57','2013-12-13 22:04:46','邢台','Chrome_31.0.1650.63','1366*768','Win8_64bit','http://localhost:8080/','联通'),(167,1,4,'lender','211.143.101.139','2013-12-13 22:04:47','2013-12-13 22:05:17','邢台','Chrome_31.0.1650.63','1366*768','Win8_64bit','http://localhost:8080/','联通'),(168,1,4,'lender','211.143.101.139','2013-12-13 22:05:19','2013-12-13 22:06:15','邢台','Chrome_31.0.1650.63','1366*768','Win8_64bit','http://localhost:8080/','联通'),(169,1,4,'lender','211.143.101.139','2013-12-13 22:06:16','2013-12-13 22:06:21','邢台','Chrome_31.0.1650.63','1366*768','Win8_64bit','http://localhost:8080/','联通'),(170,1,4,'lender','211.143.101.139','2013-12-13 22:06:22','2013-12-13 22:06:34','邢台','Chrome_31.0.1650.63','1366*768','Win8_64bit','http://localhost:8080/d.html?id=1','联通'),(171,1,4,'lender','211.143.101.139','2013-12-13 22:06:35','2013-12-13 22:07:04','邢台','Chrome_31.0.1650.63','1366*768','Win8_64bit','http://localhost:8080/d.html?id=1','联通'),(172,1,4,'lender','211.143.101.139','2013-12-13 22:07:05','2013-12-13 22:09:00','邢台','Chrome_31.0.1650.63','1366*768','Win8_64bit','http://localhost:8080/d.html?id=1','联通'),(173,1,4,'lender','211.143.101.139','2013-12-13 22:09:02','2013-12-13 22:09:07','邢台','Chrome_31.0.1650.63','1366*768','Win8_64bit','http://localhost:8080/d.html?id=1','联通'),(174,1,4,'lender','211.143.101.139','2013-12-13 22:09:08','2013-12-13 22:09:55','邢台','Chrome_31.0.1650.63','1366*768','Win8_64bit','http://localhost:8080/d.html?id=1','联通'),(175,1,4,'lender','211.143.101.139','2013-12-13 22:09:57','2013-12-13 22:11:55','邢台','Chrome_31.0.1650.63','1366*768','Win8_64bit','http://localhost:8080/d.html?id=1','联通'),(176,2,5,'lender','211.143.101.139','2013-12-14 10:48:18','2013-12-14 10:48:26','邢台','Chrome_31.0.1650.63','1366*768','Win8_64bit','http://localhost:8080/','联通'),(177,1,5,'lender','211.143.101.139','2013-12-14 10:48:26','2013-12-14 10:48:47','邢台','Chrome_31.0.1650.63','1366*768','Win8_64bit','','联通'),(178,1,5,'lender','211.143.101.139','2013-12-14 10:48:48','2013-12-14 10:48:55','邢台','Chrome_31.0.1650.63','1366*768','Win8_64bit','','联通'),(179,1,5,'lender','211.143.101.139','2013-12-14 10:48:56','2013-12-14 10:48:59','邢台','Chrome_31.0.1650.63','1366*768','Win8_64bit','','联通'),(180,1,5,'lender','219.143.205.49','2013-12-15 16:24:29','2013-12-15 16:24:59','北京','Chrome_30.0.1599.69','1920*1080','Win7_32bit','','联通'),(181,1,5,'lender','219.143.205.49','2013-12-15 16:25:02','2013-12-15 16:29:31','北京','Chrome_30.0.1599.69','1920*1080','Win7_32bit','','联通'),(182,1,5,'lender','219.143.205.49','2013-12-15 16:29:38','2013-12-15 16:30:27','北京','Chrome_30.0.1599.69','1920*1080','Win7_32bit','','联通'),(183,1,5,'lender','219.143.205.49','2013-12-15 16:30:29','2013-12-15 16:31:46','北京','Chrome_30.0.1599.69','1920*1080','Win7_32bit','','联通'),(184,1,5,'lender','219.143.205.49','2013-12-15 16:33:39','2013-12-15 18:53:17','北京','Chrome_30.0.1599.69','1920*1080','Win7_32bit','','联通'),(185,1,5,'lender','219.143.205.49','2013-12-15 18:58:08','2013-12-15 18:58:15','北京','Chrome_30.0.1599.69','1920*1080','Win7_32bit','http://localhost:8080/m.html?id=1','联通'),(186,0,5,'lender','219.143.205.49','2013-12-15 19:02:13','2013-12-15 19:02:18','北京','Chrome_30.0.1599.69','1920*1080','Win7_32bit','http://localhost:8080/lender.html?tab=0&nav=3','联通'),(187,1,5,'lender','219.143.205.49','2013-12-15 19:13:19','2013-12-15 19:13:28','北京','Chrome_30.0.1599.69','1920*1080','Win7_32bit','http://localhost:8080/lender.html?tab=0&nav=3','联通'),(188,1,5,'lender','219.143.205.49','2013-12-15 19:13:30','2013-12-15 19:13:33','北京','Chrome_30.0.1599.69','1920*1080','Win7_32bit','http://localhost:8080/lender.html?tab=0&nav=3','联通'),(189,1,5,'lender','219.143.205.49','2013-12-15 19:13:51','2013-12-15 19:13:57','北京','Chrome_30.0.1599.69','1920*1080','Win7_32bit','http://localhost:8080/lender.html?tab=0&nav=3','联通'),(190,1,5,'lender','219.143.205.49','2013-12-15 19:13:59','2013-12-15 19:15:00','北京','Chrome_30.0.1599.69','1920*1080','Win7_32bit','http://localhost:8080/lender.html?tab=0&nav=3','联通'),(191,1,5,'lender','219.143.205.49','2013-12-15 19:15:15','2013-12-15 19:16:15','北京','Chrome_30.0.1599.69','1920*1080','Win7_32bit','http://localhost:8080/lender.html?tab=0&nav=3','联通'),(192,1,5,'lender','219.143.205.49','2013-12-15 18:53:23','2013-12-15 19:16:16','北京','Chrome_30.0.1599.69','1920*1080','Win7_32bit','','联通'),(193,1,6,'lender','219.143.205.49','2013-12-15 21:02:55','2013-12-15 21:05:23','北京','Chrome_30.0.1599.69','1920*1080','Win7_32bit','http://localhost:8080/lender.html?tab=0&nav=5','联通'),(194,1,6,'lender','219.143.205.49','2013-12-15 21:05:26','2013-12-15 21:05:52','北京','Chrome_30.0.1599.69','1920*1080','Win7_32bit','http://localhost:8080/lender.html?tab=0&nav=5','联通'),(195,1,6,'lender','219.143.205.49','2013-12-15 21:05:55','2013-12-15 21:07:17','北京','Chrome_30.0.1599.69','1920*1080','Win7_32bit','http://localhost:8080/lender.html?tab=0&nav=5','联通'),(196,1,6,'lender','219.143.205.49','2013-12-15 21:07:20','2013-12-15 21:08:16','北京','Chrome_30.0.1599.69','1920*1080','Win7_32bit','http://localhost:8080/lender.html?tab=0&nav=5','联通'),(197,1,6,'lender','219.143.205.49','2013-12-15 21:08:22','2013-12-15 21:09:01','北京','Chrome_30.0.1599.69','1920*1080','Win7_32bit','http://localhost:8080/lender.html?tab=0&nav=5','联通'),(198,1,6,'lender','219.143.205.49','2013-12-15 21:09:04','2013-12-15 21:09:58','北京','Chrome_30.0.1599.69','1920*1080','Win7_32bit','http://localhost:8080/lender.html?tab=0&nav=5','联通'),(199,1,6,'lender','219.143.205.49','2013-12-15 21:10:03','2013-12-15 21:12:17','北京','Chrome_30.0.1599.69','1920*1080','Win7_32bit','http://localhost:8080/lender.html?tab=0&nav=5','联通'),(200,1,6,'lender','219.143.205.49','2013-12-15 21:12:21','2013-12-15 21:12:58','北京','Chrome_30.0.1599.69','1920*1080','Win7_32bit','http://localhost:8080/lender.html?tab=0&nav=5','联通'),(201,1,5,'lender','219.143.205.49','2013-12-15 21:13:01','2013-12-15 21:13:15','北京','Chrome_30.0.1599.69','1920*1080','Win7_32bit','','联通'),(202,1,5,'lender','219.143.205.49','2013-12-15 21:13:18','2013-12-15 21:13:47','北京','Chrome_30.0.1599.69','1920*1080','Win7_32bit','','联通'),(203,1,5,'lender','219.143.205.49','2013-12-15 21:13:51','2013-12-15 21:14:48','北京','Chrome_30.0.1599.69','1920*1080','Win7_32bit','','联通'),(204,1,5,'lender','219.143.205.49','2013-12-15 21:14:51','2013-12-15 21:15:36','北京','Chrome_30.0.1599.69','1920*1080','Win7_32bit','','联通'),(205,1,5,'lender','219.143.205.49','2013-12-15 21:15:40','2013-12-15 21:16:07','北京','Chrome_30.0.1599.69','1920*1080','Win7_32bit','','联通'),(206,1,5,'lender','219.143.205.49','2013-12-15 21:16:13','2013-12-15 21:18:05','北京','Chrome_30.0.1599.69','1920*1080','Win7_32bit','','联通'),(207,1,5,'lender','219.143.205.49','2013-12-15 21:18:08','2013-12-15 21:19:16','北京','Chrome_30.0.1599.69','1920*1080','Win7_32bit','','联通'),(208,1,5,'lender','219.143.205.49','2013-12-15 21:19:19','2013-12-15 21:19:55','北京','Chrome_30.0.1599.69','1920*1080','Win7_32bit','','联通'),(209,1,6,'lender','219.143.205.49','2013-12-15 21:20:00','2013-12-15 21:20:57','北京','Chrome_30.0.1599.69','1920*1080','Win7_32bit','http://localhost:8080/lender.html?tab=0&nav=5','联通'),(210,1,6,'lender','219.143.205.49','2013-12-15 21:35:18','2013-12-15 21:38:15','北京','Chrome_30.0.1599.69','1920*1080','Win7_32bit','http://localhost:8080/lender.html?tab=0&nav=5','联通'),(211,3,5,'lender','219.143.205.126','2013-12-16 10:29:23','2013-12-16 10:29:41','北京','Chrome_30.0.1599.69','1920*1080','Win7_32bit','http://localhost:8080/lender.html?tab=0&nav=6','联通'),(212,3,5,'lender','219.143.205.126','2013-12-16 10:37:44','2013-12-16 10:38:05','北京','Chrome_30.0.1599.69','1920*1080','Win7_32bit','http://localhost:8080/lender.html?tab=0&nav=6','联通'),(213,1,5,'lender','219.143.205.126','2013-12-16 10:39:10','2013-12-16 10:39:35','北京','Chrome_30.0.1599.69','1920*1080','Win7_32bit','http://localhost:8080/lender.html?tab=0&nav=6','联通'),(214,1,5,'lender','219.143.205.126','2013-12-16 10:38:08','2013-12-16 10:39:38','北京','Chrome_30.0.1599.69','1920*1080','Win7_32bit','','联通'),(215,1,5,'lender','219.143.205.126','2013-12-16 10:39:39','2013-12-16 10:39:44','北京','Chrome_30.0.1599.69','1920*1080','Win7_32bit','','联通'),(216,1,5,'lender','219.143.205.126','2013-12-16 10:41:03','2013-12-16 10:41:09','北京','Chrome_30.0.1599.69','1920*1080','Win7_32bit','http://localhost:8080/lender.html?tab=0&nav=6','联通'),(217,2,2,'lender','219.143.205.115','2013-12-16 16:48:35','2013-12-16 16:48:38','北京','Chrome_30.0.1599.69','1920*1080','Win7_32bit','http://localhost:8080/lender.html?tab=0&nav=8','联通'),(218,2,2,'lender','219.143.205.115','2013-12-16 16:48:45','2013-12-16 16:48:55','北京','Chrome_30.0.1599.69','1920*1080','Win7_32bit','http://localhost:8080/lender.html?tab=0&nav=8','联通'),(219,14,2,'lender','219.143.205.115','2013-12-16 16:57:41','2013-12-16 16:57:45','北京','Chrome_30.0.1599.69','1920*1080','Win7_32bit','http://localhost:8080/lender.html?tab=0&nav=8','联通'),(220,15,2,'lender','219.143.205.115','2013-12-16 16:58:24','2013-12-16 16:58:28','北京','Chrome_30.0.1599.69','1920*1080','Win7_32bit','http://localhost:8080/lender.html?tab=0&nav=8','联通'),(221,1,4,'lender','219.143.205.37','2013-12-16 20:41:24','2013-12-16 20:49:49','北京','Chrome_30.0.1599.69','1920*1080','Win7_32bit','http://localhost:8080/loaner.html?tab=0&nav=1','联通'),(222,2,4,'lender','219.143.205.19','2013-12-16 22:47:46','2013-12-16 22:47:52','北京','Chrome_30.0.1599.69','1920*1080','Win7_32bit','http://localhost:8080/loaner.html?tab=0&nav=1','联通');
/*!40000 ALTER TABLE `visit` ENABLE KEYS */;
UNLOCK TABLES;
/*!40103 SET TIME_ZONE=@OLD_TIME_ZONE */;

/*!40101 SET SQL_MODE=@OLD_SQL_MODE */;
/*!40014 SET FOREIGN_KEY_CHECKS=@OLD_FOREIGN_KEY_CHECKS */;
/*!40014 SET UNIQUE_CHECKS=@OLD_UNIQUE_CHECKS */;
/*!40101 SET CHARACTER_SET_CLIENT=@OLD_CHARACTER_SET_CLIENT */;
/*!40101 SET CHARACTER_SET_RESULTS=@OLD_CHARACTER_SET_RESULTS */;
/*!40101 SET COLLATION_CONNECTION=@OLD_COLLATION_CONNECTION */;
/*!40111 SET SQL_NOTES=@OLD_SQL_NOTES */;

-- Dump completed on 2013-12-23 22:39:07
