<?xml version="1.0" encoding="UTF-8"?>
<!--
    Licensed to the Apache Software Foundation (ASF) under one
    or more contributor license agreements.  See the NOTICE file
    distributed with this work for additional information
    regarding copyright ownership.  The ASF licenses this file
    to you under the Apache License, Version 2.0 (the
    "License"); you may not use this file except in compliance
    with the License.  You may obtain a copy of the License at
    
     http://www.apache.org/licenses/LICENSE-2.0
    
    Unless required by applicable law or agreed to in writing,
    software distributed under the License is distributed on an
    "AS IS" BASIS, WITHOUT WARRANTIES OR CONDITIONS OF ANY
    KIND, either express or implied.  See the License for the
    specific language governing permissions and limitations
    under the License.
-->
<beans xmlns="http://www.springframework.org/schema/beans"
	xmlns:xsi="http://www.w3.org/2001/XMLSchema-instance" xmlns:util="http://www.springframework.org/schema/util"
	xsi:schemaLocation="http://www.springframework.org/schema/beans http://www.springframework.org/schema/beans/spring-beans-2.5.xsd
                           http://www.springframework.org/schema/util http://www.springframework.org/schema/util/spring-util-2.5.xsd">

	<!-- Object Factory-Factories definitions -->

	<bean id="winkInternalLifecycleManager" class="org.apache.wink.spring.internal.SpringLifecycleManager">
	</bean>

	<bean id="winkInternalLifecycleManagersRegistry" class="org.apache.wink.common.internal.lifecycle.LifecycleManagersRegistry">
		<property name="factoryFactoryArray">
			<list>
				<ref local="winkInternalLifecycleManager" />
				<bean class="org.apache.wink.common.internal.lifecycle.ScopeLifecycleManager" />
			</list>
		</property>
	</bean>


	<!--  Post Processors -->

	<bean id="winkInternalRegistryPostProcessor"
		class="org.apache.wink.spring.internal.RegistryPostProcessor">
		<property name="providersRegistry">
			<util:property-path
				path="winkInternalDeploymentConfiguration.providersRegistry" />
		</property>
		<property name="resourceRegistry">
			<util:property-path
				path="winkInternalDeploymentConfiguration.resourceRegistry" />
		</property>
	</bean>

	<bean id="winkInternalLifecycleManagerPostProcessor"
		class="org.apache.wink.spring.internal.LifecycleManagerPostProcessor">
		<property name="springOFFactory">
			<ref local="winkInternalLifecycleManager" />
		</property>
	</bean>


	<bean id="winkInternalDependenciesInjectionPostProcessor"
		class="org.apache.wink.spring.internal.DependenciesInjectionPostProcessor">
		<property name="springOFFactory">
			<ref local="winkInternalLifecycleManager" />
		</property>
	</bean>

	<!-- Request Processor -->

	<bean id="winkInternalDeploymentConfiguration" class="org.apache.wink.server.internal.DeploymentConfiguration"
		init-method="init">

		<property name="properties">
			<ref bean="winkInternalPropertiesFactory" />
		</property>
		<property name="requestHandlersChain">
			<ref bean="${winkRequestHandlersChain}" />
		</property>
        <property name="responseHandlersChain">
            <ref bean="${winkResponseHandlersChain}" />
        </property>
		<property name="errorHandlersChain">
			<ref bean="${winkErrorHandlersChain}" />
		</property>
		<property name="ofFactoryRegistry">
			<ref bean="${winkInternalLifecycleManagersRegistry}" />
		</property>
		<property name="mediaTypeMapper">
			<ref bean="${winkMediaTypeMapper}" />
		</property>
		<property name="alternateShortcutMap">
			<ref bean="${winkAlternateShortcutsMap}" />
		</property>
	</bean>

	<!-- Builds the request processor and stores it on the servlet context
-->
	<bean id="winkInternalRequestProcessorBuilder" class="org.apache.wink.spring.internal.RequestProcessorBuilder">
		<property name="deploymentConfiguration">
			<ref local="winkInternalDeploymentConfiguration" />
		</property>
		<property name="requestProcessorAttribute"
			value="${winkServletContextRequestProcessorAttribute}">
		</property>
	</bean>

	<!-- Properties -->

	<bean id="winkInternalDefaultPropertiesFactory"
		class="org.springframework.beans.factory.config.PropertiesFactoryBean">
		<property name="locations">
			<list>
				<value>classpath:META-INF/wink-default.properties
				</value>
			</list>
		</property>
	</bean>

	<bean id="winkInternalPropertiesFactory"
		class="org.springframework.beans.factory.config.PropertiesFactoryBean">
		<property name="propertiesArray">
			<list>
				<ref local="winkInternalDefaultPropertiesFactory"/>
				<ref bean="${winkPropertiesFactory}" />
			</list>
		</property>
	</bean>

	<!-- PlaceHolders -->


	<!-- Property placeholder configurer -->
	<!--
		Used to configure beans that can be replaced. "winkInternalNullContant" means to
		use a default implementation and not to use a bean.
	-->
	<bean id="winkInternalPropertyPlaceholderConfigurer"
		class="org.springframework.beans.factory.config.PropertyPlaceholderConfigurer">
		<property name="ignoreUnresolvablePlaceholders" value="true" />
		<property name="order" value="0x3fffffff" />
		<property name="propertiesArray">
			<list merge="true">
				<props>
					<prop key="winkPropertiesFactory">winkInternalNullContant
					</prop>
					<prop key="winkMediaTypeMapper">winkInternalNullContant</prop>
					<prop key="winkAlternateShortcutsMap">winkInternalNullContant</prop>
					<prop key="winkInternalLifecycleManagersRegistry">winkInternalLifecycleManagersRegistry</prop>
					<prop key="winkRequestHandlersChain">winkInternalNullContant</prop>
                    <prop key="winkResponseHandlersChain">winkInternalNullContant</prop>
					<prop key="winkErrorHandlersChain">winkInternalNullContant</prop>
					<prop key="winkServletContextRequestProcessorAttribute"></prop>
				</props>
			</list>
		</property>
	</bean>

	<util:constant id="winkInternalNullContant"
		static-field="org.apache.wink.spring.internal.RequestProcessorBuilder.NULL" />

</beans>
