<?xml version="1.0"?>
<!DOCTYPE hibernate-mapping PUBLIC "-//Hibernate/Hibernate Mapping DTD 3.0//EN"
"http://hibernate.sourceforge.net/hibernate-mapping-3.0.dtd">
<!-- Generated 2013-9-2 9:17:19 by Hibernate Tools 3.4.0.CR1 -->
<hibernate-mapping>
    <class name="com.qingdy.model.Score" table="SCORE" lazy="false">
        <id name="id" column="ID" unsaved-value="null">
			<generator class="increment">
			</generator>
		</id>
		<many-to-one name="question" column="QUESTION" not-null="true" class="com.qingdy.model.Question" update="false">
		</many-to-one>
        <many-to-one name="poster" class="com.qingdy.model.UserDetail" fetch="join" update="false">
            <column name="POSTER" />
        </many-to-one>
        <property name="score" type="java.lang.Integer" update="false">
            <column name="SCORE" />
        </property>
    </class>
	<query name="querySpecialist">
         <![CDATA[
         	select s.poster, sum(s.score) as score, group_concat(s.question.classes) from Score as s where s.question.classes like ? group by s.poster
         ]]>
	</query>
	<query name="querySpecialistWithFilters">
         <![CDATA[
         	select s.poster, sum(s.score) as score, group_concat(s.question.classes) from Score as s where s.poster.gender=? and s.question.classes like ? group by s.poster
         ]]>
	</query>
	<query name="querySpecialistCount">
         <![CDATA[
         	select s.poster, sum(s.score) as score, group_concat(s.question.classes) from Score as s group by s.poster
         ]]>
	</query>
</hibernate-mapping>
