<?xml version="1.0"?>
<!DOCTYPE hibernate-mapping PUBLIC "-//Hibernate/Hibernate Mapping DTD 3.0//EN"
"http://hibernate.sourceforge.net/hibernate-mapping-3.0.dtd">
<!-- Generated 2013-8-22 10:17:54 by Hibernate Tools 3.4.0.CR1 -->
<hibernate-mapping>
    <class name="com.qingdy.model.Transaction" table="TRANSACTION" lazy="false">
        <id name="id" column="ID" unsaved-value="null">
			<generator class="increment">
			</generator>
		</id>
        <many-to-one name="loaner" class="com.qingdy.model.UserDetail" fetch="join" update="false">
            <column name="LOANER" />
        </many-to-one>
        <many-to-one name="lender" class="com.qingdy.model.UserDetail" fetch="join" update="false">
            <column name="LENDER" />
        </many-to-one>
        <property name="title" type="java.lang.String">
            <column name="TITLE" />
        </property>
        <property name="postDate" type="java.util.Date" update="false">
            <column name="POSTDATE" />
        </property>
        <property name="comments" type="java.lang.String">
            <column name="COMMENTS" />
        </property>
        <property name="frontcover" type="java.lang.String">
            <column name="FRONTCOVER" />
        </property>
        <property name="verify" type="java.lang.Integer">
            <column name="VERIFY" />
        </property>
    </class>
    <query name="queryTransactionCount">
        <![CDATA[
			from Transaction
        ]]>
	</query>
</hibernate-mapping>
