<?xml version="1.0"?>
<!DOCTYPE hibernate-mapping PUBLIC "-//Hibernate/Hibernate Mapping DTD 3.0//EN"
"http://hibernate.sourceforge.net/hibernate-mapping-3.0.dtd">
<!-- Generated 2013-12-1 14:19:02 by Hibernate Tools 3.4.0.CR1 -->
<hibernate-mapping>
    <class name="com.qingdy.model.Visit" table="VISIT">
        <id name="id" type="java.lang.Long">
            <column name="ID" />
            <generator class="increment" />
        </id>
        <property name="oid" type="java.lang.Long">
            <column name="OID" />
        </property>
        <property name="type" type="java.lang.Integer">
            <column name="TYPE" />
        </property>
        <many-to-one name="user" class="com.qingdy.model.UserDetail" fetch="join">
            <column name="USER" />
        </many-to-one>
        <property name="ip" type="java.lang.String">
            <column name="IP" />
        </property>
        <property name="startDate" type="java.util.Date">
            <column name="STARTDATE" />
        </property>
        <property name="endDate" type="java.util.Date">
            <column name="ENDDATE" />
        </property>
        <property name="city" type="java.lang.String">
            <column name="CITY" />
        </property>
        <property name="browser" type="java.lang.String" access="field">
            <column name="BROWSER" />
        </property>
        <property name="resolution" type="java.lang.String">
            <column name="RESOLUTION" />
        </property>
        <property name="os" type="java.lang.String">
            <column name="OS" />
        </property>
        <property name="fromSource" type="java.lang.String">
            <column name="FROMSOURCE" />
        </property>
        <property name="isp" type="java.lang.String">
            <column name="ISP" />
        </property>
    </class>
</hibernate-mapping>
