<?xml version="1.0" encoding="utf-8" ?>
<!DOCTYPE hibernate-mapping SYSTEM "http://www.hibernate.org/dtd/hibernate-mapping-3.0.dtd" >
<hibernate-mapping>
	<class name="com.qingdy.model.Blog" table="BLOG" lazy="false">
		<id name="id" column="ID" unsaved-value="null">
			<generator class="increment">
			</generator>
		</id>
 		<property name="title" column="TITLE" length="50" not-null="true">
		</property>
		<property name="content" column="CONTENT" length="3000" not-null="true">
		</property>
 		<many-to-one name="poster" column="USERNAME" not-null="true" class="com.qingdy.model.UserDetail" fetch="join" update="false">
		</many-to-one>
		<property name="postDate" column="POSTDATE" not-null="true"  update="false">
		</property>
		<property name="category" column="CATEGORY" length="50" not-null="true">
		</property>
   		<set name="evaluate" table="EVALUATE" lazy="false" cascade="all">
			<key column="BLOGID"></key>
			<element type="long" column="STAR"></element>
		</set>
		<property name="verify" type="java.lang.Integer">
            <column name="VERIFY" />
        </property>
	</class>
</hibernate-mapping>