<?xml version="1.0"?>
<!DOCTYPE hibernate-mapping PUBLIC "-//Hibernate/Hibernate Mapping DTD 3.0//EN"
"http://hibernate.sourceforge.net/hibernate-mapping-3.0.dtd">
<!-- Generated 2013-8-22 10:17:54 by Hibernate Tools 3.4.0.CR1 -->
<hibernate-mapping>
    <class name="com.qingdy.model.Mall" table="MALL" lazy="false">
        <id name="id" column="ID" unsaved-value="null">
			<generator class="increment">
			</generator>
		</id>
		<many-to-one name="poster" not-null="true" class="com.qingdy.model.UserDetail" fetch="join" update="false">
			<column name="USERNAME" />
		</many-to-one>
        <property name="content" type="java.lang.String">
            <column name="CONTENT" />
        </property>
        <property name="announcement" type="java.lang.String">
            <column name="ANNOUNCEMENT" />
        </property>
        <property name="experience" type="java.lang.String">
            <column name="EXPERIENCE" />
        </property>
        <property name="cType" type="java.lang.String" access="field">
            <column name="CTYPE" />
        </property>
        <property name="cName" type="java.lang.String" access="field">
            <column name="CNAME" />
        </property>
        <property name="cPhoneNumber" type="java.lang.String" access="field">
            <column name="CPHONENUMBER" />
        </property>
        <property name="position" type="java.lang.String">
            <column name="POSITION" />
        </property>
        <property name="site" type="java.lang.String">
            <column name="SITE" />
        </property>
        <property name="email" type="java.lang.String">
            <column name="EMAIL" />
        </property>
        <property name="address" type="java.lang.String">
            <column name="ADDRESS" />
        </property>
        <property name="fax" type="java.lang.String">
            <column name="FAX" />
        </property>
        <property name="postCode" type="java.lang.String">
            <column name="POSTCODE" />
        </property>
        <property name="clientLocation" type="java.lang.String">
            <column name="CLIENTLOCATION" />
        </property>
        <property name="usesofloan" type="java.lang.String">
            <column name="USESOFLOAN" />
        </property>
        <property name="speciality" type="java.lang.String">
            <column name="SPECIALITY" />
        </property>
        <property name="clients" type="java.lang.String">
            <column name="CLIENTS" />
        </property>
        <property name="lendType" type="java.lang.String">
            <column name="LENDTYPE" />
        </property>
        <property name="postDate" type="java.util.Date" update="false">
            <column name="POSTDATE" />
        </property>
        <property name="verify" type="java.lang.Integer">
            <column name="VERIFY" />
        </property>
    </class>
    <query name="queryMallCount">
        <![CDATA[
			from Mall
        ]]>
	</query>
</hibernate-mapping>
