<?xml version="1.0"?>
<!DOCTYPE hibernate-mapping PUBLIC "-//Hibernate/Hibernate Mapping DTD 3.0//EN"
"http://hibernate.sourceforge.net/hibernate-mapping-3.0.dtd">
<!-- Generated 2013-8-24 10:57:47 by Hibernate Tools 3.4.0.CR1 -->
<hibernate-mapping>
    <class name="com.qingdy.model.Question" table="QUESTION" lazy="false">
       <id name="id" type="java.lang.Long">
            <column name="ID" />
            <generator class="increment">
			</generator>
        </id>
        <many-to-one name="poster" class="com.qingdy.model.UserDetail" fetch="join" update="false">
            <column name="POSTER" />
        </many-to-one>
        <property name="title" type="java.lang.String">
            <column name="TITLE" />
        </property>
        <property name="content" type="java.lang.String">
            <column name="CONTENT" />
        </property>
        <property name="classes" type="java.lang.String">
            <column name="CLASSES" />
        </property>
        <property name="postDate" type="java.util.Date" update="false">
            <column name="POSTDATE" />
        </property>
        <set name="answers" table="ANSWER" lazy="false" cascade="all">
			<key column="ID"></key>
			<element type="java.lang.String" column="ANSWER"></element>
		</set>
        <property name="verify" type="java.lang.Integer">
            <column name="VERIFY" />
        </property>
        <property name="best" type="long">
        	<column name="BEST" />
        </property>
    </class>
</hibernate-mapping>
