<?xml version="1.0"?>
<!DOCTYPE hibernate-mapping SYSTEM "http://www.hibernate.org/dtd/hibernate-mapping-3.0.dtd" >
<hibernate-mapping>
	<class name="com.qingdy.model.Evaluate" table="EVALUATE" lazy="false">
		<id name="id" column="ID" unsaved-value="null">
			<generator class="increment">
			</generator>
		</id>
		<property name="star" column="STAR" not-null="true">
		</property>
		<property name="postDate" column="POSTDATE" not-null="true" update="false">
		</property>
  		<many-to-one name="blog" column="BLOGID" not-null="true" class="com.qingdy.model.Blog" update="false">
		</many-to-one>
		<many-to-one name="poster" column="USERNAME" not-null="true" unique="true" class="com.qingdy.model.UserDetail" update="false">
		</many-to-one>
	</class>
</hibernate-mapping>