<?xml version="1.0"?>
<!DOCTYPE hibernate-mapping PUBLIC "-//Hibernate/Hibernate Mapping DTD 3.0//EN"
"http://hibernate.sourceforge.net/hibernate-mapping-3.0.dtd">
<!-- Generated 2013-9-11 19:48:28 by Hibernate Tools 3.4.0.CR1 -->
<hibernate-mapping>
    <class name="com.qingdy.model.Favourite" table="FAVOURITE" lazy="false">
        <id name="id" column="ID" unsaved-value="null">
			<generator class="increment">
			</generator>
		</id>
        <many-to-one name="poster" class="com.qingdy.model.UserDetail" fetch="join">
            <column name="POSTER" />
        </many-to-one>
        <property name="title" type="java.lang.String">
            <column name="TITLE" />
        </property>
        <property name="link" type="java.lang.String">
            <column name="LINK" />
        </property>
        <property name="postDate" type="java.util.Date">
            <column name="POSTDATE" />
        </property>
        <property name="oid" type="java.lang.Long">
            <column name="OID" />
        </property>
        <property name="type" type="java.lang.Integer">
            <column name="type" />
        </property>
    </class>
</hibernate-mapping>
