<?xml version="1.0"?>
<!DOCTYPE hibernate-mapping PUBLIC "-//Hibernate/Hibernate Mapping DTD 3.0//EN"
"http://hibernate.sourceforge.net/hibernate-mapping-3.0.dtd">
<!-- Generated 2013-8-22 10:17:54 by Hibernate Tools 3.4.0.CR1 -->
<hibernate-mapping>
    <class name="com.qingdy.model.News" table="NEWS" lazy="false">
        <id name="id" column="ID" unsaved-value="null">
			<generator class="increment">
			</generator>
		</id>
        <property name="title" type="java.lang.String">
            <column name="TITLE" />
        </property>
        <property name="content" type="java.lang.String">
            <column name="CONTENT" />
        </property>
        <many-to-one name="poster" class="com.qingdy.model.UserDetail" fetch="join" update="false">
            <column name="POSTER" />
        </many-to-one>
        <property name="classes" type="java.lang.String">
            <column name="CLASSES" />
        </property>
        <property name="postDate" type="java.util.Date" update="false">
            <column name="POSTDATE" />
        </property>
    </class>
</hibernate-mapping>
