<?xml version="1.0"?>
<!DOCTYPE hibernate-mapping PUBLIC "-//Hibernate/Hibernate Mapping DTD 3.0//EN"
"http://hibernate.sourceforge.net/hibernate-mapping-3.0.dtd">
<!-- Generated 2013-9-4 19:43:27 by Hibernate Tools 3.4.0.CR1 -->
<hibernate-mapping>
    <class name="com.qingdy.model.Visit" table="VISIT">
        <id name="id" column="ID" unsaved-value="null">
			<generator class="increment">
			</generator>
		</id>
        <property name="oid" type="java.lang.Long">
            <column name="OID" />
        </property>
        <property name="type" type="java.lang.Integer">
            <column name="TYPE" />
        </property>
        <many-to-one name="user" class="com.qingdy.model.UserDetail" fetch="join">
            <column name="USER" />
        </many-to-one>
        <property name="date" type="java.util.Date">
            <column name="DATE" />
        </property>
    </class>
</hibernate-mapping>
