{
    "menus": [
        {
            "header": "审核",
            "name": [
                "机构审核",
                "贷款审核",
                "需求审核",
                "交易审核"
            ]
        },
        {
            "header": "网站管理",
            "name": [
                "新建新闻",
                "新闻管理"
            ]
        }      ,
        {
            "header": "展示管理",
            "name": [
                "广告位"
            ]
        }
    ],
    "selected": 1
}
