{
    "menus": [
        {
            "header": "旺铺设置",
            "name": [
                "我的旺铺",
                "旺铺资料",
                "业务设置",
                "展示管理"
            ]
        },
        {
            "header": "栏目管理",
            "name": [
                "添加产品",
                "产品管理",
                "成功案例",
                "添加成功案例",
                "博客管理",
                "添加博客"
            ]
        }
    ],
    "selected": 1
}